"filename", "language", "Python", "C", "Shell Script", "Markdown", "Verilog", "Scala", "YAML", "Properties", "XML", "Makefile", "JSON", "C++", "LinkerScript", "ARM", "comment", "blank", "total"
"/home/stormy/curricular/keyan/code/XiangShan-fv/.github/workflows/check-usage.sh", "Shell Script", 0, 0, 8, 0, 0, 0, 0, 0, 0, 0, 0, 0, 0, 0, 1, 2, 11
"/home/stormy/curricular/keyan/code/XiangShan-fv/.github/workflows/check_verilog.py", "Python", 41, 0, 0, 0, 0, 0, 0, 0, 0, 0, 0, 0, 0, 0, 0, 3, 44
"/home/stormy/curricular/keyan/code/XiangShan-fv/.github/workflows/emu.yml", "YAML", 0, 0, 0, 0, 0, 0, 143, 0, 0, 0, 0, 0, 0, 0, 1, 6, 150
"/home/stormy/curricular/keyan/code/XiangShan-fv/Makefile", "Makefile", 0, 0, 0, 0, 0, 0, 0, 0, 0, 107, 0, 0, 0, 0, 28, 26, 161
"/home/stormy/curricular/keyan/code/XiangShan-fv/README.md", "Markdown", 0, 0, 0, 74, 0, 0, 0, 0, 0, 0, 0, 0, 0, 0, 0, 45, 119
"/home/stormy/curricular/keyan/code/XiangShan-fv/build.sbt", "Scala", 0, 0, 0, 0, 0, 44, 0, 0, 0, 0, 0, 0, 0, 0, 0, 9, 53
"/home/stormy/curricular/keyan/code/XiangShan-fv/build.sc", "Scala", 0, 0, 0, 0, 0, 107, 0, 0, 0, 0, 0, 0, 0, 0, 19, 47, 173
"/home/stormy/curricular/keyan/code/XiangShan-fv/debug/Makefile", "Makefile", 0, 0, 0, 0, 0, 0, 0, 0, 0, 67, 0, 0, 0, 0, 36, 34, 137
"/home/stormy/curricular/keyan/code/XiangShan-fv/debug/cputest.sh", "Shell Script", 0, 0, 11, 0, 0, 0, 0, 0, 0, 0, 0, 0, 0, 0, 16, 4, 31
"/home/stormy/curricular/keyan/code/XiangShan-fv/debug/env.sh", "Shell Script", 0, 0, 2, 0, 0, 0, 0, 0, 0, 0, 0, 0, 0, 0, 15, 2, 19
"/home/stormy/curricular/keyan/code/XiangShan-fv/debug/perf_sbuffer.sh", "Shell Script", 0, 0, 12, 0, 0, 0, 0, 0, 0, 0, 0, 0, 0, 0, 16, 9, 37
"/home/stormy/curricular/keyan/code/XiangShan-fv/debug/sc_stat.sh", "Shell Script", 0, 0, 8, 0, 0, 0, 0, 0, 0, 0, 0, 0, 0, 0, 16, 5, 29
"/home/stormy/curricular/keyan/code/XiangShan-fv/difftest/.github/workflows/main.yml", "YAML", 0, 0, 0, 0, 0, 0, 67, 0, 0, 0, 0, 0, 0, 0, 22, 13, 102
"/home/stormy/curricular/keyan/code/XiangShan-fv/difftest/Makefile", "Makefile", 0, 0, 0, 0, 0, 0, 0, 0, 0, 50, 0, 0, 0, 0, 22, 23, 95
"/home/stormy/curricular/keyan/code/XiangShan-fv/difftest/README.md", "Markdown", 0, 0, 0, 41, 0, 0, 0, 0, 0, 0, 0, 0, 0, 0, 0, 14, 55
"/home/stormy/curricular/keyan/code/XiangShan-fv/difftest/build.sc", "Scala", 0, 0, 0, 0, 0, 35, 0, 0, 0, 0, 0, 0, 0, 0, 0, 8, 43
"/home/stormy/curricular/keyan/code/XiangShan-fv/difftest/config/config.h", "C++", 0, 0, 0, 0, 0, 0, 0, 0, 0, 0, 0, 51, 0, 0, 84, 45, 180
"/home/stormy/curricular/keyan/code/XiangShan-fv/difftest/config/verilator.mk", "Makefile", 0, 0, 0, 0, 0, 0, 0, 0, 0, 1, 0, 0, 0, 0, 33, 8, 42
"/home/stormy/curricular/keyan/code/XiangShan-fv/difftest/doc/example-nutshell.md", "Markdown", 0, 0, 0, 114, 0, 0, 0, 0, 0, 0, 0, 0, 0, 0, 0, 21, 135
"/home/stormy/curricular/keyan/code/XiangShan-fv/difftest/doc/example-xiangshan.md", "Markdown", 0, 0, 0, 208, 0, 0, 0, 0, 0, 0, 0, 0, 0, 0, 0, 34, 242
"/home/stormy/curricular/keyan/code/XiangShan-fv/difftest/doc/usage.md", "Markdown", 0, 0, 0, 177, 0, 0, 0, 0, 0, 0, 0, 0, 0, 0, 0, 67, 244
"/home/stormy/curricular/keyan/code/XiangShan-fv/difftest/src/main/scala/Difftest.scala", "Scala", 0, 0, 0, 0, 0, 259, 0, 0, 0, 0, 0, 0, 0, 0, 24, 41, 324
"/home/stormy/curricular/keyan/code/XiangShan-fv/difftest/src/main/scala/DifftestMain.scala", "Scala", 0, 0, 0, 0, 0, 34, 0, 0, 0, 0, 0, 0, 0, 0, 16, 5, 55
"/home/stormy/curricular/keyan/code/XiangShan-fv/difftest/src/test/csrc/common/SimJTAG.cpp", "C++", 0, 0, 0, 0, 0, 0, 0, 0, 0, 0, 0, 93, 0, 0, 4, 11, 108
"/home/stormy/curricular/keyan/code/XiangShan-fv/difftest/src/test/csrc/common/axi4.cpp", "C++", 0, 0, 0, 0, 0, 0, 0, 0, 0, 0, 0, 97, 0, 0, 20, 21, 138
"/home/stormy/curricular/keyan/code/XiangShan-fv/difftest/src/test/csrc/common/axi4.h", "C++", 0, 0, 0, 0, 0, 0, 0, 0, 0, 0, 0, 175, 0, 0, 24, 32, 231
"/home/stormy/curricular/keyan/code/XiangShan-fv/difftest/src/test/csrc/common/common.cpp", "C++", 0, 0, 0, 0, 0, 0, 0, 0, 0, 0, 0, 25, 0, 0, 15, 7, 47
"/home/stormy/curricular/keyan/code/XiangShan-fv/difftest/src/test/csrc/common/common.h", "C++", 0, 0, 0, 0, 0, 0, 0, 0, 0, 0, 0, 55, 0, 0, 15, 15, 85
"/home/stormy/curricular/keyan/code/XiangShan-fv/difftest/src/test/csrc/common/compress.cpp", "C++", 0, 0, 0, 0, 0, 0, 0, 0, 0, 0, 0, 102, 0, 0, 20, 21, 143
"/home/stormy/curricular/keyan/code/XiangShan-fv/difftest/src/test/csrc/common/compress.h", "C++", 0, 0, 0, 0, 0, 0, 0, 0, 0, 0, 0, 13, 0, 0, 15, 9, 37
"/home/stormy/curricular/keyan/code/XiangShan-fv/difftest/src/test/csrc/common/device.cpp", "C++", 0, 0, 0, 0, 0, 0, 0, 0, 0, 0, 0, 48, 0, 0, 16, 12, 76
"/home/stormy/curricular/keyan/code/XiangShan-fv/difftest/src/test/csrc/common/device.h", "C++", 0, 0, 0, 0, 0, 0, 0, 0, 0, 0, 0, 7, 0, 0, 15, 5, 27
"/home/stormy/curricular/keyan/code/XiangShan-fv/difftest/src/test/csrc/common/flash.cpp", "C++", 0, 0, 0, 0, 0, 0, 0, 0, 0, 0, 0, 57, 0, 0, 21, 12, 90
"/home/stormy/curricular/keyan/code/XiangShan-fv/difftest/src/test/csrc/common/flash.h", "C++", 0, 0, 0, 0, 0, 0, 0, 0, 0, 0, 0, 7, 0, 0, 15, 5, 27
"/home/stormy/curricular/keyan/code/XiangShan-fv/difftest/src/test/csrc/common/jtag-testcase.cpp", "C++", 0, 0, 0, 0, 0, 0, 0, 0, 0, 0, 0, 122, 0, 0, 16, 17, 155
"/home/stormy/curricular/keyan/code/XiangShan-fv/difftest/src/test/csrc/common/jtag-testcase.h", "C++", 0, 0, 0, 0, 0, 0, 0, 0, 0, 0, 0, 75, 0, 0, 7, 14, 96
"/home/stormy/curricular/keyan/code/XiangShan-fv/difftest/src/test/csrc/common/jtag-utils.h", "C++", 0, 0, 0, 0, 0, 0, 0, 0, 0, 0, 0, 39, 0, 0, 4, 6, 49
"/home/stormy/curricular/keyan/code/XiangShan-fv/difftest/src/test/csrc/common/keyboard.cpp", "C++", 0, 0, 0, 0, 0, 0, 0, 0, 0, 0, 0, 55, 0, 0, 18, 10, 83
"/home/stormy/curricular/keyan/code/XiangShan-fv/difftest/src/test/csrc/common/lightsss.cpp", "C++", 0, 0, 0, 0, 0, 0, 0, 0, 0, 0, 0, 85, 0, 0, 6, 11, 102
"/home/stormy/curricular/keyan/code/XiangShan-fv/difftest/src/test/csrc/common/lightsss.h", "C++", 0, 0, 0, 0, 0, 0, 0, 0, 0, 0, 0, 51, 0, 0, 15, 13, 79
"/home/stormy/curricular/keyan/code/XiangShan-fv/difftest/src/test/csrc/common/macro.h", "C++", 0, 0, 0, 0, 0, 0, 0, 0, 0, 0, 0, 11, 0, 0, 15, 6, 32
"/home/stormy/curricular/keyan/code/XiangShan-fv/difftest/src/test/csrc/common/ram.cpp", "C++", 0, 0, 0, 0, 0, 0, 0, 0, 0, 0, 0, 335, 0, 0, 65, 59, 459
"/home/stormy/curricular/keyan/code/XiangShan-fv/difftest/src/test/csrc/common/ram.h", "C++", 0, 0, 0, 0, 0, 0, 0, 0, 0, 0, 0, 21, 0, 0, 15, 10, 46
"/home/stormy/curricular/keyan/code/XiangShan-fv/difftest/src/test/csrc/common/remote_bitbang.cpp", "C++", 0, 0, 0, 0, 0, 0, 0, 0, 0, 0, 0, 168, 0, 0, 8, 27, 203
"/home/stormy/curricular/keyan/code/XiangShan-fv/difftest/src/test/csrc/common/remote_bitbang.h", "C++", 0, 0, 0, 0, 0, 0, 0, 0, 0, 0, 0, 34, 0, 0, 9, 17, 60
"/home/stormy/curricular/keyan/code/XiangShan-fv/difftest/src/test/csrc/common/sdcard.cpp", "C++", 0, 0, 0, 0, 0, 0, 0, 0, 0, 0, 0, 28, 0, 0, 19, 9, 56
"/home/stormy/curricular/keyan/code/XiangShan-fv/difftest/src/test/csrc/common/sdcard.h", "C++", 0, 0, 0, 0, 0, 0, 0, 0, 0, 0, 0, 5, 0, 0, 15, 5, 25
"/home/stormy/curricular/keyan/code/XiangShan-fv/difftest/src/test/csrc/common/uart.cpp", "C++", 0, 0, 0, 0, 0, 0, 0, 0, 0, 0, 0, 73, 0, 0, 23, 11, 107
"/home/stormy/curricular/keyan/code/XiangShan-fv/difftest/src/test/csrc/common/vga.cpp", "C++", 0, 0, 0, 0, 0, 0, 0, 0, 0, 0, 0, 33, 0, 0, 15, 9, 57
"/home/stormy/curricular/keyan/code/XiangShan-fv/difftest/src/test/csrc/difftest/difftest.cpp", "C++", 0, 0, 0, 0, 0, 0, 0, 0, 0, 0, 0, 547, 0, 0, 60, 69, 676
"/home/stormy/curricular/keyan/code/XiangShan-fv/difftest/src/test/csrc/difftest/difftest.h", "C++", 0, 0, 0, 0, 0, 0, 0, 0, 0, 0, 0, 348, 0, 0, 29, 42, 419
"/home/stormy/curricular/keyan/code/XiangShan-fv/difftest/src/test/csrc/difftest/goldenmem.cpp", "C++", 0, 0, 0, 0, 0, 0, 0, 0, 0, 0, 0, 76, 0, 0, 17, 14, 107
"/home/stormy/curricular/keyan/code/XiangShan-fv/difftest/src/test/csrc/difftest/goldenmem.h", "C++", 0, 0, 0, 0, 0, 0, 0, 0, 0, 0, 0, 22, 0, 0, 17, 10, 49
"/home/stormy/curricular/keyan/code/XiangShan-fv/difftest/src/test/csrc/difftest/interface.cpp", "C++", 0, 0, 0, 0, 0, 0, 0, 0, 0, 0, 0, 363, 0, 0, 16, 27, 406
"/home/stormy/curricular/keyan/code/XiangShan-fv/difftest/src/test/csrc/difftest/interface.h", "C++", 0, 0, 0, 0, 0, 0, 0, 0, 0, 0, 0, 374, 0, 0, 53, 35, 462
"/home/stormy/curricular/keyan/code/XiangShan-fv/difftest/src/test/csrc/difftest/ref.cpp", "C++", 0, 0, 0, 0, 0, 0, 0, 0, 0, 0, 0, 97, 0, 0, 18, 8, 123
"/home/stormy/curricular/keyan/code/XiangShan-fv/difftest/src/test/csrc/difftest/ref.h", "C++", 0, 0, 0, 0, 0, 0, 0, 0, 0, 0, 0, 5, 0, 0, 19, 5, 29
"/home/stormy/curricular/keyan/code/XiangShan-fv/difftest/src/test/csrc/difftest/refproxy.cpp", "C++", 0, 0, 0, 0, 0, 0, 0, 0, 0, 0, 0, 138, 0, 0, 16, 43, 197
"/home/stormy/curricular/keyan/code/XiangShan-fv/difftest/src/test/csrc/difftest/refproxy.h", "C++", 0, 0, 0, 0, 0, 0, 0, 0, 0, 0, 0, 54, 0, 0, 18, 11, 83
"/home/stormy/curricular/keyan/code/XiangShan-fv/difftest/src/test/csrc/plugin/include/memdep.h", "C++", 0, 0, 0, 0, 0, 0, 0, 0, 0, 0, 0, 25, 0, 0, 15, 5, 45
"/home/stormy/curricular/keyan/code/XiangShan-fv/difftest/src/test/csrc/plugin/include/runahead.h", "C++", 0, 0, 0, 0, 0, 0, 0, 0, 0, 0, 0, 121, 0, 0, 24, 22, 167
"/home/stormy/curricular/keyan/code/XiangShan-fv/difftest/src/test/csrc/plugin/include/spikedasm.h", "C++", 0, 0, 0, 0, 0, 0, 0, 0, 0, 0, 0, 3, 0, 0, 15, 3, 21
"/home/stormy/curricular/keyan/code/XiangShan-fv/difftest/src/test/csrc/plugin/include/tllogger.h", "C++", 0, 0, 0, 0, 0, 0, 0, 0, 0, 0, 0, 7, 0, 0, 0, 3, 10
"/home/stormy/curricular/keyan/code/XiangShan-fv/difftest/src/test/csrc/plugin/runahead/memdep.cpp", "C++", 0, 0, 0, 0, 0, 0, 0, 0, 0, 0, 0, 73, 0, 0, 18, 11, 102
"/home/stormy/curricular/keyan/code/XiangShan-fv/difftest/src/test/csrc/plugin/runahead/runahead.cpp", "C++", 0, 0, 0, 0, 0, 0, 0, 0, 0, 0, 0, 425, 0, 0, 98, 35, 558
"/home/stormy/curricular/keyan/code/XiangShan-fv/difftest/src/test/csrc/plugin/spikedasm/spikedasm.cpp", "C++", 0, 0, 0, 0, 0, 0, 0, 0, 0, 0, 0, 50, 0, 0, 18, 7, 75
"/home/stormy/curricular/keyan/code/XiangShan-fv/difftest/src/test/csrc/plugin/tllogger/tllogger.cpp", "C++", 0, 0, 0, 0, 0, 0, 0, 0, 0, 0, 0, 123, 0, 0, 1, 11, 135
"/home/stormy/curricular/keyan/code/XiangShan-fv/difftest/src/test/csrc/vcs/main.cpp", "C++", 0, 0, 0, 0, 0, 0, 0, 0, 0, 0, 0, 92, 0, 0, 15, 18, 125
"/home/stormy/curricular/keyan/code/XiangShan-fv/difftest/src/test/csrc/verilator/emu.cpp", "C++", 0, 0, 0, 0, 0, 0, 0, 0, 0, 0, 0, 637, 0, 0, 44, 92, 773
"/home/stormy/curricular/keyan/code/XiangShan-fv/difftest/src/test/csrc/verilator/emu.h", "C++", 0, 0, 0, 0, 0, 0, 0, 0, 0, 0, 0, 115, 0, 0, 16, 11, 142
"/home/stormy/curricular/keyan/code/XiangShan-fv/difftest/src/test/csrc/verilator/main.cpp", "C++", 0, 0, 0, 0, 0, 0, 0, 0, 0, 0, 0, 30, 0, 0, 17, 14, 61
"/home/stormy/curricular/keyan/code/XiangShan-fv/difftest/src/test/csrc/verilator/snapshot.cpp", "C++", 0, 0, 0, 0, 0, 0, 0, 0, 0, 0, 0, 104, 0, 0, 27, 12, 143
"/home/stormy/curricular/keyan/code/XiangShan-fv/difftest/src/test/csrc/verilator/snapshot.h", "C++", 0, 0, 0, 0, 0, 0, 0, 0, 0, 0, 0, 67, 0, 0, 16, 15, 98
"/home/stormy/curricular/keyan/code/XiangShan-fv/difftest/src/test/vsrc/common/SimJTAG.v", "Verilog", 0, 0, 0, 0, 64, 0, 0, 0, 0, 0, 0, 0, 0, 0, 2, 19, 85
"/home/stormy/curricular/keyan/code/XiangShan-fv/difftest/src/test/vsrc/common/assert.v", "Verilog", 0, 0, 0, 0, 4, 0, 0, 0, 0, 0, 0, 0, 0, 0, 15, 2, 21
"/home/stormy/curricular/keyan/code/XiangShan-fv/difftest/src/test/vsrc/common/ram.v", "Verilog", 0, 0, 0, 0, 27, 0, 0, 0, 0, 0, 0, 0, 0, 0, 15, 8, 50
"/home/stormy/curricular/keyan/code/XiangShan-fv/difftest/src/test/vsrc/common/ref.v", "Verilog", 0, 0, 0, 0, 42, 0, 0, 0, 0, 0, 0, 0, 0, 0, 15, 7, 64
"/home/stormy/curricular/keyan/code/XiangShan-fv/difftest/src/test/vsrc/vcs/top.v", "Verilog", 0, 0, 0, 0, 168, 0, 0, 0, 0, 0, 0, 0, 0, 0, 26, 16, 210
"/home/stormy/curricular/keyan/code/XiangShan-fv/difftest/vcs.mk", "Makefile", 0, 0, 0, 0, 0, 0, 0, 0, 0, 43, 0, 0, 0, 0, 34, 11, 88
"/home/stormy/curricular/keyan/code/XiangShan-fv/difftest/verilator.mk", "Makefile", 0, 0, 0, 0, 0, 0, 0, 0, 0, 113, 0, 0, 0, 0, 26, 27, 166
"/home/stormy/curricular/keyan/code/XiangShan-fv/fudian/.scalafmt.conf", "Properties", 0, 0, 0, 0, 0, 0, 0, 20, 0, 0, 0, 0, 0, 0, 0, 7, 27
"/home/stormy/curricular/keyan/code/XiangShan-fv/fudian/Makefile", "Makefile", 0, 0, 0, 0, 0, 0, 0, 0, 0, 96, 0, 0, 0, 0, 0, 35, 131
"/home/stormy/curricular/keyan/code/XiangShan-fv/fudian/README.md", "Markdown", 0, 0, 0, 14, 0, 0, 0, 0, 0, 0, 0, 0, 0, 0, 0, 8, 22
"/home/stormy/curricular/keyan/code/XiangShan-fv/fudian/build.sc", "Scala", 0, 0, 0, 0, 0, 38, 0, 0, 0, 0, 0, 0, 0, 0, 1, 12, 51
"/home/stormy/curricular/keyan/code/XiangShan-fv/fudian/src/main/scala/fudian/ArgParser.scala", "Scala", 0, 0, 0, 0, 0, 45, 0, 0, 0, 0, 0, 0, 0, 0, 5, 5, 55
"/home/stormy/curricular/keyan/code/XiangShan-fv/fudian/src/main/scala/fudian/FADD.scala", "Scala", 0, 0, 0, 0, 0, 575, 0, 0, 0, 0, 0, 0, 0, 0, 71, 122, 768
"/home/stormy/curricular/keyan/code/XiangShan-fv/fudian/src/main/scala/fudian/FCMA.scala", "Scala", 0, 0, 0, 0, 0, 32, 0, 0, 0, 0, 0, 0, 0, 0, 1, 10, 43
"/home/stormy/curricular/keyan/code/XiangShan-fv/fudian/src/main/scala/fudian/FCMP.scala", "Scala", 0, 0, 0, 0, 0, 36, 0, 0, 0, 0, 0, 0, 0, 0, 0, 8, 44
"/home/stormy/curricular/keyan/code/XiangShan-fv/fudian/src/main/scala/fudian/FDIV.scala", "Scala", 0, 0, 0, 0, 0, 493, 0, 0, 0, 0, 0, 0, 0, 0, 109, 85, 687
"/home/stormy/curricular/keyan/code/XiangShan-fv/fudian/src/main/scala/fudian/FMUL.scala", "Scala", 0, 0, 0, 0, 0, 215, 0, 0, 0, 0, 0, 0, 0, 0, 26, 51, 292
"/home/stormy/curricular/keyan/code/XiangShan-fv/fudian/src/main/scala/fudian/FPToFP.scala", "Scala", 0, 0, 0, 0, 0, 208, 0, 0, 0, 0, 0, 0, 0, 0, 13, 35, 256
"/home/stormy/curricular/keyan/code/XiangShan-fv/fudian/src/main/scala/fudian/FPToInt.scala", "Scala", 0, 0, 0, 0, 0, 140, 0, 0, 0, 0, 0, 0, 0, 0, 23, 34, 197
"/home/stormy/curricular/keyan/code/XiangShan-fv/fudian/src/main/scala/fudian/Generator.scala", "Scala", 0, 0, 0, 0, 0, 37, 0, 0, 0, 0, 0, 0, 0, 0, 0, 5, 42
"/home/stormy/curricular/keyan/code/XiangShan-fv/fudian/src/main/scala/fudian/IntToFP.scala", "Scala", 0, 0, 0, 0, 0, 83, 0, 0, 0, 0, 0, 0, 0, 0, 4, 25, 112
"/home/stormy/curricular/keyan/code/XiangShan-fv/fudian/src/main/scala/fudian/RoundingUnit.scala", "Scala", 0, 0, 0, 0, 0, 67, 0, 0, 0, 0, 0, 0, 0, 0, 1, 9, 77
"/home/stormy/curricular/keyan/code/XiangShan-fv/fudian/src/main/scala/fudian/package.scala", "Scala", 0, 0, 0, 0, 0, 87, 0, 0, 0, 0, 0, 0, 0, 0, 0, 9, 96
"/home/stormy/curricular/keyan/code/XiangShan-fv/fudian/src/main/scala/fudian/utils/CLZ.scala", "Scala", 0, 0, 0, 0, 0, 23, 0, 0, 0, 0, 0, 0, 0, 0, 0, 7, 30
"/home/stormy/curricular/keyan/code/XiangShan-fv/fudian/src/main/scala/fudian/utils/CSA.scala", "Scala", 0, 0, 0, 0, 0, 40, 0, 0, 0, 0, 0, 0, 0, 0, 0, 8, 48
"/home/stormy/curricular/keyan/code/XiangShan-fv/fudian/src/main/scala/fudian/utils/LZA.scala", "Scala", 0, 0, 0, 0, 0, 22, 0, 0, 0, 0, 0, 0, 0, 0, 0, 6, 28
"/home/stormy/curricular/keyan/code/XiangShan-fv/fudian/src/main/scala/fudian/utils/Multiplier.scala", "Scala", 0, 0, 0, 0, 0, 124, 0, 0, 0, 0, 0, 0, 0, 0, 0, 14, 138
"/home/stormy/curricular/keyan/code/XiangShan-fv/fudian/src/main/scala/fudian/utils/ShiftRightJam.scala", "Scala", 0, 0, 0, 0, 0, 26, 0, 0, 0, 0, 0, 0, 0, 0, 3, 4, 33
"/home/stormy/curricular/keyan/code/XiangShan-fv/fudian/src/test/resources/csrc/FADD_Test.cpp", "C++", 0, 0, 0, 0, 0, 0, 0, 0, 0, 0, 0, 56, 0, 0, 0, 9, 65
"/home/stormy/curricular/keyan/code/XiangShan-fv/fudian/src/test/resources/csrc/FCMA_Test.cpp", "C++", 0, 0, 0, 0, 0, 0, 0, 0, 0, 0, 0, 51, 0, 0, 0, 8, 59
"/home/stormy/curricular/keyan/code/XiangShan-fv/fudian/src/test/resources/csrc/FCMP_Test.cpp", "C++", 0, 0, 0, 0, 0, 0, 0, 0, 0, 0, 0, 51, 0, 0, 7, 9, 67
"/home/stormy/curricular/keyan/code/XiangShan-fv/fudian/src/test/resources/csrc/FDIV_Test.cpp", "C++", 0, 0, 0, 0, 0, 0, 0, 0, 0, 0, 0, 73, 0, 0, 13, 11, 97
"/home/stormy/curricular/keyan/code/XiangShan-fv/fudian/src/test/resources/csrc/FMUL_Test.cpp", "C++", 0, 0, 0, 0, 0, 0, 0, 0, 0, 0, 0, 50, 0, 0, 0, 8, 58
"/home/stormy/curricular/keyan/code/XiangShan-fv/fudian/src/test/resources/csrc/FPToFP_Test.cpp", "C++", 0, 0, 0, 0, 0, 0, 0, 0, 0, 0, 0, 49, 0, 0, 0, 8, 57
"/home/stormy/curricular/keyan/code/XiangShan-fv/fudian/src/test/resources/csrc/FPToInt_Test.cpp", "C++", 0, 0, 0, 0, 0, 0, 0, 0, 0, 0, 0, 56, 0, 0, 0, 9, 65
"/home/stormy/curricular/keyan/code/XiangShan-fv/fudian/src/test/resources/csrc/IntToFP_Test.cpp", "C++", 0, 0, 0, 0, 0, 0, 0, 0, 0, 0, 0, 57, 0, 0, 0, 9, 66
"/home/stormy/curricular/keyan/code/XiangShan-fv/fudian/src/test/resources/csrc/common.h", "C++", 0, 0, 0, 0, 0, 0, 0, 0, 0, 0, 0, 27, 0, 0, 0, 7, 34
"/home/stormy/curricular/keyan/code/XiangShan-fv/huancun/.github/workflows/main.yml", "YAML", 0, 0, 0, 0, 0, 0, 29, 0, 0, 0, 0, 0, 0, 0, 9, 13, 51
"/home/stormy/curricular/keyan/code/XiangShan-fv/huancun/.scalafmt.conf", "Properties", 0, 0, 0, 0, 0, 0, 0, 20, 0, 0, 0, 0, 0, 0, 0, 7, 27
"/home/stormy/curricular/keyan/code/XiangShan-fv/huancun/Makefile", "Makefile", 0, 0, 0, 0, 0, 0, 0, 0, 0, 26, 0, 0, 0, 0, 0, 12, 38
"/home/stormy/curricular/keyan/code/XiangShan-fv/huancun/README.md", "Markdown", 0, 0, 0, 9, 0, 0, 0, 0, 0, 0, 0, 0, 0, 0, 0, 6, 15
"/home/stormy/curricular/keyan/code/XiangShan-fv/huancun/build.sc", "Scala", 0, 0, 0, 0, 0, 71, 0, 0, 0, 0, 0, 0, 0, 0, 5, 33, 109
"/home/stormy/curricular/keyan/code/XiangShan-fv/huancun/scripts/state_transition.py", "Python", 283, 0, 0, 0, 0, 0, 0, 0, 0, 0, 0, 0, 0, 0, 12, 70, 365
"/home/stormy/curricular/keyan/code/XiangShan-fv/huancun/src/main/resources/ClockMask2.v", "Verilog", 0, 0, 0, 0, 16, 0, 0, 0, 0, 0, 0, 0, 0, 0, 0, 3, 19
"/home/stormy/curricular/keyan/code/XiangShan-fv/huancun/src/main/resources/STD_CLKGT_func.v", "Verilog", 0, 0, 0, 0, 22, 0, 0, 0, 0, 0, 0, 0, 0, 0, 0, 6, 28
"/home/stormy/curricular/keyan/code/XiangShan-fv/huancun/src/main/resources/TLLogWriter.v", "Verilog", 0, 0, 0, 0, 41, 0, 0, 0, 0, 0, 0, 0, 0, 0, 0, 4, 45
"/home/stormy/curricular/keyan/code/XiangShan-fv/huancun/src/main/scala/huancun/BankedXbar.scala", "Scala", 0, 0, 0, 0, 0, 97, 0, 0, 0, 0, 0, 0, 0, 0, 6, 19, 122
"/home/stormy/curricular/keyan/code/XiangShan-fv/huancun/src/main/scala/huancun/BaseDirectory.scala", "Scala", 0, 0, 0, 0, 0, 222, 0, 0, 0, 0, 0, 0, 0, 0, 22, 34, 278
"/home/stormy/curricular/keyan/code/XiangShan-fv/huancun/src/main/scala/huancun/BaseMSHR.scala", "Scala", 0, 0, 0, 0, 0, 62, 0, 0, 0, 0, 0, 0, 0, 0, 4, 7, 73
"/home/stormy/curricular/keyan/code/XiangShan-fv/huancun/src/main/scala/huancun/BaseSinkC.scala", "Scala", 0, 0, 0, 0, 0, 23, 0, 0, 0, 0, 0, 0, 0, 0, 18, 6, 47
"/home/stormy/curricular/keyan/code/XiangShan-fv/huancun/src/main/scala/huancun/Common.scala", "Scala", 0, 0, 0, 0, 0, 176, 0, 0, 0, 0, 0, 0, 0, 0, 34, 20, 230
"/home/stormy/curricular/keyan/code/XiangShan-fv/huancun/src/main/scala/huancun/CtrlUnit.scala", "Scala", 0, 0, 0, 0, 0, 189, 0, 0, 0, 0, 0, 0, 0, 0, 2, 27, 218
"/home/stormy/curricular/keyan/code/XiangShan-fv/huancun/src/main/scala/huancun/DataStorage.scala", "Scala", 0, 0, 0, 0, 0, 234, 0, 0, 0, 0, 0, 0, 0, 0, 34, 35, 303
"/home/stormy/curricular/keyan/code/XiangShan-fv/huancun/src/main/scala/huancun/HCCacheParameters.scala", "Scala", 0, 0, 0, 0, 0, 116, 0, 0, 0, 0, 0, 0, 0, 0, 22, 24, 162
"/home/stormy/curricular/keyan/code/XiangShan-fv/huancun/src/main/scala/huancun/HuanCun.scala", "Scala", 0, 0, 0, 0, 0, 339, 0, 0, 0, 0, 0, 0, 0, 0, 23, 44, 406
"/home/stormy/curricular/keyan/code/XiangShan-fv/huancun/src/main/scala/huancun/MSHRAlloc.scala", "Scala", 0, 0, 0, 0, 0, 155, 0, 0, 0, 0, 0, 0, 0, 0, 37, 36, 228
"/home/stormy/curricular/keyan/code/XiangShan-fv/huancun/src/main/scala/huancun/MetaData.scala", "Scala", 0, 0, 0, 0, 0, 39, 0, 0, 0, 0, 0, 0, 0, 0, 23, 6, 68
"/home/stormy/curricular/keyan/code/XiangShan-fv/huancun/src/main/scala/huancun/RefillBuffer.scala", "Scala", 0, 0, 0, 0, 0, 53, 0, 0, 0, 0, 0, 0, 0, 0, 5, 14, 72
"/home/stormy/curricular/keyan/code/XiangShan-fv/huancun/src/main/scala/huancun/RequestBuffer.scala", "Scala", 0, 0, 0, 0, 0, 99, 0, 0, 0, 0, 0, 0, 0, 0, 8, 13, 120
"/home/stormy/curricular/keyan/code/XiangShan-fv/huancun/src/main/scala/huancun/SinkA.scala", "Scala", 0, 0, 0, 0, 0, 90, 0, 0, 0, 0, 0, 0, 0, 0, 21, 16, 127
"/home/stormy/curricular/keyan/code/XiangShan-fv/huancun/src/main/scala/huancun/SinkB.scala", "Scala", 0, 0, 0, 0, 0, 33, 0, 0, 0, 0, 0, 0, 0, 0, 17, 8, 58
"/home/stormy/curricular/keyan/code/XiangShan-fv/huancun/src/main/scala/huancun/SinkD.scala", "Scala", 0, 0, 0, 0, 0, 59, 0, 0, 0, 0, 0, 0, 0, 0, 19, 11, 89
"/home/stormy/curricular/keyan/code/XiangShan-fv/huancun/src/main/scala/huancun/SinkE.scala", "Scala", 0, 0, 0, 0, 0, 15, 0, 0, 0, 0, 0, 0, 0, 0, 17, 5, 37
"/home/stormy/curricular/keyan/code/XiangShan-fv/huancun/src/main/scala/huancun/Slice.scala", "Scala", 0, 0, 0, 0, 0, 569, 0, 0, 0, 0, 0, 0, 0, 0, 30, 60, 659
"/home/stormy/curricular/keyan/code/XiangShan-fv/huancun/src/main/scala/huancun/SourceA.scala", "Scala", 0, 0, 0, 0, 0, 73, 0, 0, 0, 0, 0, 0, 0, 0, 22, 19, 114
"/home/stormy/curricular/keyan/code/XiangShan-fv/huancun/src/main/scala/huancun/SourceB.scala", "Scala", 0, 0, 0, 0, 0, 39, 0, 0, 0, 0, 0, 0, 0, 0, 19, 7, 65
"/home/stormy/curricular/keyan/code/XiangShan-fv/huancun/src/main/scala/huancun/SourceC.scala", "Scala", 0, 0, 0, 0, 0, 71, 0, 0, 0, 0, 0, 0, 0, 0, 20, 15, 106
"/home/stormy/curricular/keyan/code/XiangShan-fv/huancun/src/main/scala/huancun/SourceD.scala", "Scala", 0, 0, 0, 0, 0, 203, 0, 0, 0, 0, 0, 0, 0, 0, 36, 38, 277
"/home/stormy/curricular/keyan/code/XiangShan-fv/huancun/src/main/scala/huancun/SourceE.scala", "Scala", 0, 0, 0, 0, 0, 15, 0, 0, 0, 0, 0, 0, 0, 0, 17, 5, 37
"/home/stormy/curricular/keyan/code/XiangShan-fv/huancun/src/main/scala/huancun/debug/DirectoryLogger.scala", "Scala", 0, 0, 0, 0, 0, 97, 0, 0, 0, 0, 0, 0, 0, 0, 4, 8, 109
"/home/stormy/curricular/keyan/code/XiangShan-fv/huancun/src/main/scala/huancun/debug/TLLogger.scala", "Scala", 0, 0, 0, 0, 0, 208, 0, 0, 0, 0, 0, 0, 0, 0, 8, 29, 245
"/home/stormy/curricular/keyan/code/XiangShan-fv/huancun/src/main/scala/huancun/inclusive/Directory.scala", "Scala", 0, 0, 0, 0, 0, 93, 0, 0, 0, 0, 0, 0, 0, 0, 3, 12, 108
"/home/stormy/curricular/keyan/code/XiangShan-fv/huancun/src/main/scala/huancun/inclusive/MSHR.scala", "Scala", 0, 0, 0, 0, 0, 483, 0, 0, 0, 0, 0, 0, 0, 0, 78, 43, 604
"/home/stormy/curricular/keyan/code/XiangShan-fv/huancun/src/main/scala/huancun/inclusive/SinkC.scala", "Scala", 0, 0, 0, 0, 0, 123, 0, 0, 0, 0, 0, 0, 0, 0, 5, 22, 150
"/home/stormy/curricular/keyan/code/XiangShan-fv/huancun/src/main/scala/huancun/noninclusive/Directory.scala", "Scala", 0, 0, 0, 0, 0, 304, 0, 0, 0, 0, 0, 0, 0, 0, 16, 32, 352
"/home/stormy/curricular/keyan/code/XiangShan-fv/huancun/src/main/scala/huancun/noninclusive/MSHR.scala", "Scala", 0, 0, 0, 0, 0, 1266, 0, 0, 0, 0, 0, 0, 0, 0, 148, 104, 1518
"/home/stormy/curricular/keyan/code/XiangShan-fv/huancun/src/main/scala/huancun/noninclusive/ProbeHelper.scala", "Scala", 0, 0, 0, 0, 0, 62, 0, 0, 0, 0, 0, 0, 0, 0, 4, 12, 78
"/home/stormy/curricular/keyan/code/XiangShan-fv/huancun/src/main/scala/huancun/noninclusive/SinkC.scala", "Scala", 0, 0, 0, 0, 0, 177, 0, 0, 0, 0, 0, 0, 0, 0, 2, 20, 199
"/home/stormy/curricular/keyan/code/XiangShan-fv/huancun/src/main/scala/huancun/noninclusive/SliceCtrl.scala", "Scala", 0, 0, 0, 0, 0, 218, 0, 0, 0, 0, 0, 0, 0, 0, 0, 25, 243
"/home/stormy/curricular/keyan/code/XiangShan-fv/huancun/src/main/scala/huancun/prefetch/BestOffsetPrefetch.scala", "Scala", 0, 0, 0, 0, 0, 193, 0, 0, 0, 0, 0, 0, 0, 0, 39, 37, 269
"/home/stormy/curricular/keyan/code/XiangShan-fv/huancun/src/main/scala/huancun/prefetch/PrefetchParameters.scala", "Scala", 0, 0, 0, 0, 0, 14, 0, 0, 0, 0, 0, 0, 0, 0, 0, 5, 19
"/home/stormy/curricular/keyan/code/XiangShan-fv/huancun/src/main/scala/huancun/prefetch/PrefetchReceiver.scala", "Scala", 0, 0, 0, 0, 0, 22, 0, 0, 0, 0, 0, 0, 0, 0, 1, 6, 29
"/home/stormy/curricular/keyan/code/XiangShan-fv/huancun/src/main/scala/huancun/prefetch/Prefetcher.scala", "Scala", 0, 0, 0, 0, 0, 98, 0, 0, 0, 0, 0, 0, 0, 0, 12, 12, 122
"/home/stormy/curricular/keyan/code/XiangShan-fv/huancun/src/main/scala/huancun/utils/CustomAnnotations.scala", "Scala", 0, 0, 0, 0, 0, 24, 0, 0, 0, 0, 0, 0, 0, 0, 0, 7, 31
"/home/stormy/curricular/keyan/code/XiangShan-fv/huancun/src/main/scala/huancun/utils/DataModuleTemplate.scala", "Scala", 0, 0, 0, 0, 0, 84, 0, 0, 0, 0, 0, 0, 0, 0, 20, 24, 128
"/home/stormy/curricular/keyan/code/XiangShan-fv/huancun/src/main/scala/huancun/utils/ECC.scala", "Scala", 0, 0, 0, 0, 0, 157, 0, 0, 0, 0, 0, 0, 0, 0, 41, 34, 232
"/home/stormy/curricular/keyan/code/XiangShan-fv/huancun/src/main/scala/huancun/utils/FastArbiter.scala", "Scala", 0, 0, 0, 0, 0, 68, 0, 0, 0, 0, 0, 0, 0, 0, 6, 17, 91
"/home/stormy/curricular/keyan/code/XiangShan-fv/huancun/src/main/scala/huancun/utils/ParallelMux.scala", "Scala", 0, 0, 0, 0, 0, 72, 0, 0, 0, 0, 0, 0, 0, 0, 17, 17, 106
"/home/stormy/curricular/keyan/code/XiangShan-fv/huancun/src/main/scala/huancun/utils/Pipeline.scala", "Scala", 0, 0, 0, 0, 0, 53, 0, 0, 0, 0, 0, 0, 0, 0, 0, 9, 62
"/home/stormy/curricular/keyan/code/XiangShan-fv/huancun/src/main/scala/huancun/utils/Replacer.scala", "Scala", 0, 0, 0, 0, 0, 203, 0, 0, 0, 0, 0, 0, 0, 0, 68, 34, 305
"/home/stormy/curricular/keyan/code/XiangShan-fv/huancun/src/main/scala/huancun/utils/ResetGen.scala", "Scala", 0, 0, 0, 0, 0, 47, 0, 0, 0, 0, 0, 0, 0, 0, 16, 12, 75
"/home/stormy/curricular/keyan/code/XiangShan-fv/huancun/src/main/scala/huancun/utils/SRAMTemplate.scala", "Scala", 0, 0, 0, 0, 0, 144, 0, 0, 0, 0, 0, 0, 0, 0, 24, 30, 198
"/home/stormy/curricular/keyan/code/XiangShan-fv/huancun/src/main/scala/huancun/utils/SRAMWrapper.scala", "Scala", 0, 0, 0, 0, 0, 60, 0, 0, 0, 0, 0, 0, 0, 0, 0, 14, 74
"/home/stormy/curricular/keyan/code/XiangShan-fv/huancun/src/main/scala/huancun/utils/TLClientsMerger.scala", "Scala", 0, 0, 0, 0, 0, 61, 0, 0, 0, 0, 0, 0, 0, 0, 2, 7, 70
"/home/stormy/curricular/keyan/code/XiangShan-fv/huancun/src/main/scala/huancun/utils/Throttle.scala", "Scala", 0, 0, 0, 0, 0, 39, 0, 0, 0, 0, 0, 0, 0, 0, 2, 9, 50
"/home/stormy/curricular/keyan/code/XiangShan-fv/huancun/src/main/scala/huancun/utils/XSPerfAccumulate.scala", "Scala", 0, 0, 0, 0, 0, 105, 0, 0, 0, 0, 0, 0, 0, 0, 7, 18, 130
"/home/stormy/curricular/keyan/code/XiangShan-fv/huancun/src/test/scala/huancun/AcquireTester.scala", "Scala", 0, 0, 0, 0, 0, 16, 0, 0, 0, 0, 0, 0, 0, 0, 0, 7, 23
"/home/stormy/curricular/keyan/code/XiangShan-fv/huancun/src/test/scala/huancun/AllocatorTest.scala", "Scala", 0, 0, 0, 0, 0, 18, 0, 0, 0, 0, 0, 0, 0, 0, 0, 7, 25
"/home/stormy/curricular/keyan/code/XiangShan-fv/huancun/src/test/scala/huancun/DSTest.scala", "Scala", 0, 0, 0, 0, 0, 16, 0, 0, 0, 0, 0, 0, 0, 0, 0, 7, 23
"/home/stormy/curricular/keyan/code/XiangShan-fv/huancun/src/test/scala/huancun/ExampleSystem.scala", "Scala", 0, 0, 0, 0, 0, 27, 0, 0, 0, 0, 0, 0, 0, 0, 5, 6, 38
"/home/stormy/curricular/keyan/code/XiangShan-fv/huancun/src/test/scala/huancun/FakeClient.scala", "Scala", 0, 0, 0, 0, 0, 261, 0, 0, 0, 0, 0, 0, 0, 0, 11, 26, 298
"/home/stormy/curricular/keyan/code/XiangShan-fv/huancun/src/test/scala/huancun/L2Tester.scala", "Scala", 0, 0, 0, 0, 0, 41, 0, 0, 0, 0, 0, 0, 0, 0, 0, 7, 48
"/home/stormy/curricular/keyan/code/XiangShan-fv/huancun/src/test/scala/huancun/TLDebugNode.scala", "Scala", 0, 0, 0, 0, 0, 20, 0, 0, 0, 0, 0, 0, 0, 0, 0, 6, 26
"/home/stormy/curricular/keyan/code/XiangShan-fv/huancun/src/test/scala/huancun/TestTop.scala", "Scala", 0, 0, 0, 0, 0, 284, 0, 0, 0, 0, 0, 0, 0, 0, 10, 46, 340
"/home/stormy/curricular/keyan/code/XiangShan-fv/huancun/src/test/scala/huancun/tlctest/DirConflictTester.scala", "Scala", 0, 0, 0, 0, 0, 31, 0, 0, 0, 0, 0, 0, 0, 0, 1, 6, 38
"/home/stormy/curricular/keyan/code/XiangShan-fv/huancun/src/test/scala/huancun/tlctest/RandomTester.scala", "Scala", 0, 0, 0, 0, 0, 83, 0, 0, 0, 0, 0, 0, 0, 0, 2, 17, 102
"/home/stormy/curricular/keyan/code/XiangShan-fv/huancun/src/test/scala/huancun/tlctest/TLCTest.scala", "Scala", 0, 0, 0, 0, 0, 71, 0, 0, 0, 0, 0, 0, 0, 0, 0, 16, 87
"/home/stormy/curricular/keyan/code/XiangShan-fv/huancun/src/test/scala/tltest/BigIntUtils.scala", "Scala", 0, 0, 0, 0, 0, 49, 0, 0, 0, 0, 0, 0, 0, 0, 0, 8, 57
"/home/stormy/curricular/keyan/code/XiangShan-fv/huancun/src/test/scala/tltest/TLCAgent.scala", "Scala", 0, 0, 0, 0, 0, 1085, 0, 0, 0, 0, 0, 0, 0, 0, 114, 124, 1323
"/home/stormy/curricular/keyan/code/XiangShan-fv/huancun/src/test/scala/tltest/TLCScalaMessage.scala", "Scala", 0, 0, 0, 0, 0, 619, 0, 0, 0, 0, 0, 0, 0, 0, 10, 89, 718
"/home/stormy/curricular/keyan/code/XiangShan-fv/images/xs-arch-nanhu.svg", "XML", 0, 0, 0, 0, 0, 0, 0, 0, 3, 0, 0, 0, 0, 0, 1, 0, 4
"/home/stormy/curricular/keyan/code/XiangShan-fv/images/xs-arch-yanqihu.svg", "XML", 0, 0, 0, 0, 0, 0, 0, 0, 3, 0, 0, 0, 0, 0, 0, 0, 3
"/home/stormy/curricular/keyan/code/XiangShan-fv/project/build.properties", "Properties", 0, 0, 0, 0, 0, 0, 0, 1, 0, 0, 0, 0, 0, 0, 0, 1, 2
"/home/stormy/curricular/keyan/code/XiangShan-fv/readme.zh-cn.md", "Markdown", 0, 0, 0, 74, 0, 0, 0, 0, 0, 0, 0, 0, 0, 0, 0, 39, 113
"/home/stormy/curricular/keyan/code/XiangShan-fv/ready-to-run/bump-nemu.sh", "Shell Script", 0, 0, 19, 0, 0, 0, 0, 0, 0, 0, 0, 0, 0, 0, 0, 0, 19
"/home/stormy/curricular/keyan/code/XiangShan-fv/riscv-spec-core/.github/workflows/CI.yml", "YAML", 0, 0, 0, 0, 0, 0, 29, 0, 0, 0, 0, 0, 0, 0, 0, 2, 31
"/home/stormy/curricular/keyan/code/XiangShan-fv/riscv-spec-core/.github/workflows/CrossVersionTest.yml", "YAML", 0, 0, 0, 0, 0, 0, 23, 0, 0, 0, 0, 0, 0, 0, 0, 3, 26
"/home/stormy/curricular/keyan/code/XiangShan-fv/riscv-spec-core/.github/workflows/Lint.yml", "YAML", 0, 0, 0, 0, 0, 0, 17, 0, 0, 0, 0, 0, 0, 0, 0, 2, 19
"/home/stormy/curricular/keyan/code/XiangShan-fv/riscv-spec-core/.github/workflows/Test.yml", "YAML", 0, 0, 0, 0, 0, 0, 19, 0, 0, 0, 0, 0, 0, 0, 0, 3, 22
"/home/stormy/curricular/keyan/code/XiangShan-fv/riscv-spec-core/.scalafmt.conf", "Properties", 0, 0, 0, 0, 0, 0, 0, 10, 0, 0, 0, 0, 0, 0, 0, 3, 13
"/home/stormy/curricular/keyan/code/XiangShan-fv/riscv-spec-core/README.md", "Markdown", 0, 0, 0, 108, 0, 0, 0, 0, 0, 0, 0, 0, 0, 0, 0, 31, 139
"/home/stormy/curricular/keyan/code/XiangShan-fv/riscv-spec-core/README.zh-CN.md", "Markdown", 0, 0, 0, 275, 0, 0, 0, 0, 0, 0, 0, 0, 0, 0, 0, 80, 355
"/home/stormy/curricular/keyan/code/XiangShan-fv/riscv-spec-core/build.sbt", "Scala", 0, 0, 0, 0, 0, 84, 0, 0, 0, 0, 0, 0, 0, 0, 7, 11, 102
"/home/stormy/curricular/keyan/code/XiangShan-fv/riscv-spec-core/project/build.properties", "Properties", 0, 0, 0, 0, 0, 0, 0, 1, 0, 0, 0, 0, 0, 0, 0, 1, 2
"/home/stormy/curricular/keyan/code/XiangShan-fv/riscv-spec-core/project/plugins.sbt", "Scala", 0, 0, 0, 0, 0, 4, 0, 0, 0, 0, 0, 0, 0, 0, 0, 2, 6
"/home/stormy/curricular/keyan/code/XiangShan-fv/riscv-spec-core/src/main/scala/rvspeccore/checker/ArbitraryGenerater.scala", "Scala", 0, 0, 0, 0, 0, 20, 0, 0, 0, 0, 0, 0, 0, 0, 0, 3, 23
"/home/stormy/curricular/keyan/code/XiangShan-fv/riscv-spec-core/src/main/scala/rvspeccore/checker/AssumeHelper.scala", "Scala", 0, 0, 0, 0, 0, 115, 0, 0, 0, 0, 0, 0, 0, 0, 17, 14, 146
"/home/stormy/curricular/keyan/code/XiangShan-fv/riscv-spec-core/src/main/scala/rvspeccore/checker/Checker.scala", "Scala", 0, 0, 0, 0, 0, 275, 0, 0, 0, 0, 0, 0, 0, 0, 41, 27, 343
"/home/stormy/curricular/keyan/code/XiangShan-fv/riscv-spec-core/src/main/scala/rvspeccore/checker/ConnectHelper.scala", "Scala", 0, 0, 0, 0, 0, 157, 0, 0, 0, 0, 0, 0, 0, 0, 32, 27, 216
"/home/stormy/curricular/keyan/code/XiangShan-fv/riscv-spec-core/src/main/scala/rvspeccore/core/RVConfig.scala", "Scala", 0, 0, 0, 0, 0, 123, 0, 0, 0, 0, 0, 0, 0, 0, 15, 21, 159
"/home/stormy/curricular/keyan/code/XiangShan-fv/riscv-spec-core/src/main/scala/rvspeccore/core/RiscvCore.scala", "Scala", 0, 0, 0, 0, 0, 217, 0, 0, 0, 0, 0, 0, 0, 0, 23, 56, 296
"/home/stormy/curricular/keyan/code/XiangShan-fv/riscv-spec-core/src/main/scala/rvspeccore/core/spec/RVInstSet.scala", "Scala", 0, 0, 0, 0, 0, 14, 0, 0, 0, 0, 0, 0, 0, 0, 0, 3, 17
"/home/stormy/curricular/keyan/code/XiangShan-fv/riscv-spec-core/src/main/scala/rvspeccore/core/spec/RVInsts.scala", "Scala", 0, 0, 0, 0, 0, 35, 0, 0, 0, 0, 0, 0, 0, 0, 0, 8, 43
"/home/stormy/curricular/keyan/code/XiangShan-fv/riscv-spec-core/src/main/scala/rvspeccore/core/spec/instset/BExtension.scala", "Scala", 0, 0, 0, 0, 0, 301, 0, 0, 0, 0, 0, 0, 0, 0, 67, 19, 387
"/home/stormy/curricular/keyan/code/XiangShan-fv/riscv-spec-core/src/main/scala/rvspeccore/core/spec/instset/CExtension.scala", "Scala", 0, 0, 0, 0, 0, 248, 0, 0, 0, 0, 0, 0, 0, 0, 47, 19, 314
"/home/stormy/curricular/keyan/code/XiangShan-fv/riscv-spec-core/src/main/scala/rvspeccore/core/spec/instset/CommonDecode.scala", "Scala", 0, 0, 0, 0, 0, 28, 0, 0, 0, 0, 0, 0, 0, 0, 25, 8, 61
"/home/stormy/curricular/keyan/code/XiangShan-fv/riscv-spec-core/src/main/scala/rvspeccore/core/spec/instset/IBase.scala", "Scala", 0, 0, 0, 0, 0, 353, 0, 0, 0, 0, 0, 0, 0, 0, 70, 28, 451
"/home/stormy/curricular/keyan/code/XiangShan-fv/riscv-spec-core/src/main/scala/rvspeccore/core/spec/instset/MExtension.scala", "Scala", 0, 0, 0, 0, 0, 81, 0, 0, 0, 0, 0, 0, 0, 0, 27, 12, 120
"/home/stormy/curricular/keyan/code/XiangShan-fv/riscv-spec-core/src/main/scala/rvspeccore/core/spec/instset/Privileged.scala", "Scala", 0, 0, 0, 0, 0, 40, 0, 0, 0, 0, 0, 0, 0, 0, 21, 5, 66
"/home/stormy/curricular/keyan/code/XiangShan-fv/riscv-spec-core/src/main/scala/rvspeccore/core/spec/instset/ZicsrExtension.scala", "Scala", 0, 0, 0, 0, 0, 106, 0, 0, 0, 0, 0, 0, 0, 0, 51, 7, 164
"/home/stormy/curricular/keyan/code/XiangShan-fv/riscv-spec-core/src/main/scala/rvspeccore/core/spec/instset/ZifenceiExtension.scala", "Scala", 0, 0, 0, 0, 0, 14, 0, 0, 0, 0, 0, 0, 0, 0, 12, 5, 31
"/home/stormy/curricular/keyan/code/XiangShan-fv/riscv-spec-core/src/main/scala/rvspeccore/core/spec/instset/csr/CSR.scala", "Scala", 0, 0, 0, 0, 0, 302, 0, 0, 0, 0, 0, 0, 0, 0, 148, 36, 486
"/home/stormy/curricular/keyan/code/XiangShan-fv/riscv-spec-core/src/main/scala/rvspeccore/core/spec/instset/csr/CSRSupport.scala", "Scala", 0, 0, 0, 0, 0, 97, 0, 0, 0, 0, 0, 0, 0, 0, 36, 7, 140
"/home/stormy/curricular/keyan/code/XiangShan-fv/riscv-spec-core/src/main/scala/rvspeccore/core/spec/instset/csr/ExceptionSupport.scala", "Scala", 0, 0, 0, 0, 0, 217, 0, 0, 0, 0, 0, 0, 0, 0, 96, 13, 326
"/home/stormy/curricular/keyan/code/XiangShan-fv/riscv-spec-core/src/main/scala/rvspeccore/core/tool/BitTool.scala", "Scala", 0, 0, 0, 0, 0, 72, 0, 0, 0, 0, 0, 0, 0, 0, 20, 9, 101
"/home/stormy/curricular/keyan/code/XiangShan-fv/riscv-spec-core/src/main/scala/rvspeccore/core/tool/CheckTool.scala", "Scala", 0, 0, 0, 0, 0, 24, 0, 0, 0, 0, 0, 0, 0, 0, 3, 6, 33
"/home/stormy/curricular/keyan/code/XiangShan-fv/riscv-spec-core/src/main/scala/rvspeccore/core/tool/LoadStore.scala", "Scala", 0, 0, 0, 0, 0, 371, 0, 0, 0, 0, 0, 0, 0, 0, 112, 23, 506
"/home/stormy/curricular/keyan/code/XiangShan-fv/riscv-spec-core/src/test/scala/rvspeccore/checker/ArbitraryGeneraterSpec.scala", "Scala", 0, 0, 0, 0, 0, 26, 0, 0, 0, 0, 0, 0, 0, 0, 2, 5, 33
"/home/stormy/curricular/keyan/code/XiangShan-fv/riscv-spec-core/src/test/scala/rvspeccore/checker/AssumeHelperSpec.scala", "Scala", 0, 0, 0, 0, 0, 32, 0, 0, 0, 0, 0, 0, 0, 0, 2, 4, 38
"/home/stormy/curricular/keyan/code/XiangShan-fv/riscv-spec-core/src/test/scala/rvspeccore/checker/CheckerSpec.scala", "Scala", 0, 0, 0, 0, 0, 112, 0, 0, 0, 0, 0, 0, 0, 0, 14, 22, 148
"/home/stormy/curricular/keyan/code/XiangShan-fv/riscv-spec-core/src/test/scala/rvspeccore/checker/ConnectHelperSpec.scala", "Scala", 0, 0, 0, 0, 0, 52, 0, 0, 0, 0, 0, 0, 0, 0, 10, 12, 74
"/home/stormy/curricular/keyan/code/XiangShan-fv/riscv-spec-core/src/test/scala/rvspeccore/core/RVConfigSpec.scala", "Scala", 0, 0, 0, 0, 0, 48, 0, 0, 0, 0, 0, 0, 0, 0, 1, 5, 54
"/home/stormy/curricular/keyan/code/XiangShan-fv/riscv-spec-core/src/test/scala/rvspeccore/core/RiscvCoreSpec.scala", "Scala", 0, 0, 0, 0, 0, 201, 0, 0, 0, 0, 0, 0, 0, 0, 19, 26, 246
"/home/stormy/curricular/keyan/code/XiangShan-fv/riscv-spec-core/testcase/riscv-tests-hex/README.md", "Markdown", 0, 0, 0, 7, 0, 0, 0, 0, 0, 0, 0, 0, 0, 0, 0, 5, 12
"/home/stormy/curricular/keyan/code/XiangShan-fv/rocket-chip/.github/ISSUE_TEMPLATE.md", "Markdown", 0, 0, 0, 17, 0, 0, 0, 0, 0, 0, 0, 0, 0, 0, 4, 9, 30
"/home/stormy/curricular/keyan/code/XiangShan-fv/rocket-chip/.github/PULL_REQUEST_TEMPLATE.md", "Markdown", 0, 0, 0, 8, 0, 0, 0, 0, 0, 0, 0, 0, 0, 0, 6, 5, 19
"/home/stormy/curricular/keyan/code/XiangShan-fv/rocket-chip/.github/workflows/continuous-integration.yml", "YAML", 0, 0, 0, 0, 0, 0, 87, 0, 0, 0, 0, 0, 0, 0, 11, 20, 118
"/home/stormy/curricular/keyan/code/XiangShan-fv/rocket-chip/.scalafix.conf", "Properties", 0, 0, 0, 0, 0, 0, 0, 8, 0, 0, 0, 0, 0, 0, 0, 1, 9
"/home/stormy/curricular/keyan/code/XiangShan-fv/rocket-chip/CONTRIBUTING.md", "Markdown", 0, 0, 0, 53, 0, 0, 0, 0, 0, 0, 0, 0, 0, 0, 0, 30, 83
"/home/stormy/curricular/keyan/code/XiangShan-fv/rocket-chip/README.md", "Markdown", 0, 0, 0, 537, 0, 0, 0, 0, 0, 0, 0, 0, 0, 0, 0, 169, 706
"/home/stormy/curricular/keyan/code/XiangShan-fv/rocket-chip/README_GITHUB_ACTIONS.md", "Markdown", 0, 0, 0, 46, 0, 0, 0, 0, 0, 0, 0, 0, 0, 0, 0, 16, 62
"/home/stormy/curricular/keyan/code/XiangShan-fv/rocket-chip/api-config-chipsalliance/.github/workflows/test.yml", "YAML", 0, 0, 0, 0, 0, 0, 42, 0, 0, 0, 0, 0, 0, 0, 0, 10, 52
"/home/stormy/curricular/keyan/code/XiangShan-fv/rocket-chip/api-config-chipsalliance/README.md", "Markdown", 0, 0, 0, 38, 0, 0, 0, 0, 0, 0, 0, 0, 0, 0, 0, 25, 63
"/home/stormy/curricular/keyan/code/XiangShan-fv/rocket-chip/api-config-chipsalliance/build-rules/mill/build.sc", "Scala", 0, 0, 0, 0, 0, 8, 0, 0, 0, 0, 0, 0, 0, 0, 0, 3, 11
"/home/stormy/curricular/keyan/code/XiangShan-fv/rocket-chip/api-config-chipsalliance/build-rules/sbt/build.sbt", "Scala", 0, 0, 0, 0, 0, 2, 0, 0, 0, 0, 0, 0, 0, 0, 0, 2, 4
"/home/stormy/curricular/keyan/code/XiangShan-fv/rocket-chip/api-config-chipsalliance/design/craft/src/config/Config.scala", "Scala", 0, 0, 0, 0, 0, 67, 0, 0, 0, 0, 0, 0, 0, 0, 18, 23, 108
"/home/stormy/curricular/keyan/code/XiangShan-fv/rocket-chip/api-config-chipsalliance/wit-manifest.json", "JSON", 0, 0, 0, 0, 0, 0, 0, 0, 0, 0, 7, 0, 0, 0, 0, 1, 8
"/home/stormy/curricular/keyan/code/XiangShan-fv/rocket-chip/bootrom/Makefile", "Makefile", 0, 0, 0, 0, 0, 0, 0, 0, 0, 10, 0, 0, 0, 0, 0, 6, 16
"/home/stormy/curricular/keyan/code/XiangShan-fv/rocket-chip/bootrom/bootrom.S", "ARM", 0, 0, 0, 0, 0, 0, 0, 0, 0, 0, 0, 0, 0, 24, 0, 4, 28
"/home/stormy/curricular/keyan/code/XiangShan-fv/rocket-chip/bootrom/linker.ld", "LinkerScript", 0, 0, 0, 0, 0, 0, 0, 0, 0, 0, 0, 0, 10, 0, 0, 2, 12
"/home/stormy/curricular/keyan/code/XiangShan-fv/rocket-chip/build.sbt", "Scala", 0, 0, 0, 0, 0, 110, 0, 0, 0, 0, 0, 0, 0, 0, 3, 10, 123
"/home/stormy/curricular/keyan/code/XiangShan-fv/rocket-chip/build.sc", "Scala", 0, 0, 0, 0, 0, 39, 0, 0, 0, 0, 0, 0, 0, 0, 1, 11, 51
"/home/stormy/curricular/keyan/code/XiangShan-fv/rocket-chip/common.sc", "Scala", 0, 0, 0, 0, 0, 83, 0, 0, 0, 0, 0, 0, 0, 0, 10, 26, 119
"/home/stormy/curricular/keyan/code/XiangShan-fv/rocket-chip/docs/README.md", "Markdown", 0, 0, 0, 9, 0, 0, 0, 0, 0, 0, 0, 0, 0, 0, 0, 2, 11
"/home/stormy/curricular/keyan/code/XiangShan-fv/rocket-chip/docs/src/diplomacy/adder_tutorial.md", "Markdown", 0, 0, 0, 258, 0, 0, 0, 0, 0, 0, 0, 0, 0, 0, 0, 77, 335
"/home/stormy/curricular/keyan/code/XiangShan-fv/rocket-chip/docs/src/diplomacy/select_tutorial.md", "Markdown", 0, 0, 0, 124, 0, 0, 0, 0, 0, 0, 0, 0, 0, 0, 0, 21, 145
"/home/stormy/curricular/keyan/code/XiangShan-fv/rocket-chip/emulator/Makefile", "Makefile", 0, 0, 0, 0, 0, 0, 0, 0, 0, 41, 0, 0, 0, 0, 3, 18, 62
"/home/stormy/curricular/keyan/code/XiangShan-fv/rocket-chip/hardfloat/Makefile", "Makefile", 0, 0, 0, 0, 0, 0, 0, 0, 0, 23, 0, 0, 0, 0, 0, 10, 33
"/home/stormy/curricular/keyan/code/XiangShan-fv/rocket-chip/hardfloat/README.md", "Markdown", 0, 0, 0, 38, 0, 0, 0, 0, 0, 0, 0, 0, 0, 0, 0, 13, 51
"/home/stormy/curricular/keyan/code/XiangShan-fv/rocket-chip/hardfloat/build.sbt", "Scala", 0, 0, 0, 0, 0, 52, 0, 0, 0, 0, 0, 0, 0, 0, 2, 9, 63
"/home/stormy/curricular/keyan/code/XiangShan-fv/rocket-chip/hardfloat/build.sc", "Scala", 0, 0, 0, 0, 0, 52, 0, 0, 0, 0, 0, 0, 0, 0, 2, 18, 72
"/home/stormy/curricular/keyan/code/XiangShan-fv/rocket-chip/hardfloat/project/build.properties", "Properties", 0, 0, 0, 0, 0, 0, 0, 1, 0, 0, 0, 0, 0, 0, 0, 1, 2
"/home/stormy/curricular/keyan/code/XiangShan-fv/rocket-chip/hardfloat/project/plugins.sbt", "Scala", 0, 0, 0, 0, 0, 1, 0, 0, 0, 0, 0, 0, 0, 0, 0, 1, 2
"/home/stormy/curricular/keyan/code/XiangShan-fv/rocket-chip/hardfloat/src/main/scala/AddRecFN.scala", "Scala", 0, 0, 0, 0, 0, 102, 0, 0, 0, 0, 0, 0, 0, 0, 51, 14, 167
"/home/stormy/curricular/keyan/code/XiangShan-fv/rocket-chip/hardfloat/src/main/scala/CompareRecFN.scala", "Scala", 0, 0, 0, 0, 0, 38, 0, 0, 0, 0, 0, 0, 0, 0, 35, 11, 84
"/home/stormy/curricular/keyan/code/XiangShan-fv/rocket-chip/hardfloat/src/main/scala/DivSqrtRecF64.scala", "Scala", 0, 0, 0, 0, 0, 78, 0, 0, 0, 0, 0, 0, 0, 0, 35, 17, 130
"/home/stormy/curricular/keyan/code/XiangShan-fv/rocket-chip/hardfloat/src/main/scala/DivSqrtRecF64_mulAddZ31.scala", "Scala", 0, 0, 0, 0, 0, 592, 0, 0, 0, 0, 0, 0, 0, 0, 112, 81, 785
"/home/stormy/curricular/keyan/code/XiangShan-fv/rocket-chip/hardfloat/src/main/scala/DivSqrtRecFN_small.scala", "Scala", 0, 0, 0, 0, 0, 250, 0, 0, 0, 0, 0, 0, 0, 0, 213, 53, 516
"/home/stormy/curricular/keyan/code/XiangShan-fv/rocket-chip/hardfloat/src/main/scala/INToRecFN.scala", "Scala", 0, 0, 0, 0, 0, 31, 0, 0, 0, 0, 0, 0, 0, 0, 37, 8, 76
"/home/stormy/curricular/keyan/code/XiangShan-fv/rocket-chip/hardfloat/src/main/scala/MulAddRecFN.scala", "Scala", 0, 0, 0, 0, 0, 241, 0, 0, 0, 0, 0, 0, 0, 0, 75, 31, 347
"/home/stormy/curricular/keyan/code/XiangShan-fv/rocket-chip/hardfloat/src/main/scala/MulRecFN.scala", "Scala", 0, 0, 0, 0, 0, 67, 0, 0, 0, 0, 0, 0, 0, 0, 47, 17, 131
"/home/stormy/curricular/keyan/code/XiangShan-fv/rocket-chip/hardfloat/src/main/scala/RecFNToIN.scala", "Scala", 0, 0, 0, 0, 0, 80, 0, 0, 0, 0, 0, 0, 0, 0, 51, 15, 146
"/home/stormy/curricular/keyan/code/XiangShan-fv/rocket-chip/hardfloat/src/main/scala/RecFNToRecFN.scala", "Scala", 0, 0, 0, 0, 0, 38, 0, 0, 0, 0, 0, 0, 0, 0, 41, 11, 90
"/home/stormy/curricular/keyan/code/XiangShan-fv/rocket-chip/hardfloat/src/main/scala/RoundAnyRawFNToRecFN.scala", "Scala", 0, 0, 0, 0, 0, 234, 0, 0, 0, 0, 0, 0, 0, 0, 58, 27, 319
"/home/stormy/curricular/keyan/code/XiangShan-fv/rocket-chip/hardfloat/src/main/scala/classifyRecFN.scala", "Scala", 0, 0, 0, 0, 0, 25, 0, 0, 0, 0, 0, 0, 0, 0, 35, 8, 68
"/home/stormy/curricular/keyan/code/XiangShan-fv/rocket-chip/hardfloat/src/main/scala/common.scala", "Scala", 0, 0, 0, 0, 0, 30, 0, 0, 0, 0, 0, 0, 0, 0, 46, 9, 85
"/home/stormy/curricular/keyan/code/XiangShan-fv/rocket-chip/hardfloat/src/main/scala/fNFromRecFN.scala", "Scala", 0, 0, 0, 0, 0, 25, 0, 0, 0, 0, 0, 0, 0, 0, 35, 9, 69
"/home/stormy/curricular/keyan/code/XiangShan-fv/rocket-chip/hardfloat/src/main/scala/primitives.scala", "Scala", 0, 0, 0, 0, 0, 74, 0, 0, 0, 0, 0, 0, 0, 0, 46, 9, 129
"/home/stormy/curricular/keyan/code/XiangShan-fv/rocket-chip/hardfloat/src/main/scala/rawFloatFromFN.scala", "Scala", 0, 0, 0, 0, 0, 32, 0, 0, 0, 0, 0, 0, 0, 0, 35, 10, 77
"/home/stormy/curricular/keyan/code/XiangShan-fv/rocket-chip/hardfloat/src/main/scala/rawFloatFromIN.scala", "Scala", 0, 0, 0, 0, 0, 25, 0, 0, 0, 0, 0, 0, 0, 0, 36, 8, 69
"/home/stormy/curricular/keyan/code/XiangShan-fv/rocket-chip/hardfloat/src/main/scala/rawFloatFromRecFN.scala", "Scala", 0, 0, 0, 0, 0, 19, 0, 0, 0, 0, 0, 0, 0, 0, 39, 7, 65
"/home/stormy/curricular/keyan/code/XiangShan-fv/rocket-chip/hardfloat/src/main/scala/recFNFromFN.scala", "Scala", 0, 0, 0, 0, 0, 15, 0, 0, 0, 0, 0, 0, 0, 0, 35, 6, 56
"/home/stormy/curricular/keyan/code/XiangShan-fv/rocket-chip/hardfloat/src/main/scala/resizeRawFloat.scala", "Scala", 0, 0, 0, 0, 0, 33, 0, 0, 0, 0, 0, 0, 0, 0, 37, 8, 78
"/home/stormy/curricular/keyan/code/XiangShan-fv/rocket-chip/hardfloat/src/test/resources/csrc/CompareRecFN.cpp", "C++", 0, 0, 0, 0, 0, 0, 0, 0, 0, 0, 0, 73, 0, 0, 4, 16, 93
"/home/stormy/curricular/keyan/code/XiangShan-fv/rocket-chip/hardfloat/src/test/resources/csrc/RecFNToIN.cpp", "C++", 0, 0, 0, 0, 0, 0, 0, 0, 0, 0, 0, 73, 0, 0, 5, 18, 96
"/home/stormy/curricular/keyan/code/XiangShan-fv/rocket-chip/hardfloat/src/test/resources/csrc/RecFNToUIN.cpp", "C++", 0, 0, 0, 0, 0, 0, 0, 0, 0, 0, 0, 74, 0, 0, 5, 18, 97
"/home/stormy/curricular/keyan/code/XiangShan-fv/rocket-chip/hardfloat/src/test/resources/csrc/fNFromRecFN.cpp", "C++", 0, 0, 0, 0, 0, 0, 0, 0, 0, 0, 0, 47, 0, 0, 4, 11, 62
"/home/stormy/curricular/keyan/code/XiangShan-fv/rocket-chip/hardfloat/src/test/resources/csrc/test.cpp", "C++", 0, 0, 0, 0, 0, 0, 0, 0, 0, 0, 0, 68, 0, 0, 6, 16, 90
"/home/stormy/curricular/keyan/code/XiangShan-fv/rocket-chip/hardfloat/src/test/resources/includes/AddRecF16.h", "C++", 0, 0, 0, 0, 0, 0, 0, 0, 0, 0, 0, 4, 0, 0, 0, 2, 6
"/home/stormy/curricular/keyan/code/XiangShan-fv/rocket-chip/hardfloat/src/test/resources/includes/AddRecF32.h", "C++", 0, 0, 0, 0, 0, 0, 0, 0, 0, 0, 0, 2, 0, 0, 0, 2, 4
"/home/stormy/curricular/keyan/code/XiangShan-fv/rocket-chip/hardfloat/src/test/resources/includes/AddRecF64.h", "C++", 0, 0, 0, 0, 0, 0, 0, 0, 0, 0, 0, 2, 0, 0, 0, 2, 4
"/home/stormy/curricular/keyan/code/XiangShan-fv/rocket-chip/hardfloat/src/test/resources/includes/CompareRecF16_eq.h", "C++", 0, 0, 0, 0, 0, 0, 0, 0, 0, 0, 0, 2, 0, 0, 0, 2, 4
"/home/stormy/curricular/keyan/code/XiangShan-fv/rocket-chip/hardfloat/src/test/resources/includes/CompareRecF16_le.h", "C++", 0, 0, 0, 0, 0, 0, 0, 0, 0, 0, 0, 2, 0, 0, 0, 2, 4
"/home/stormy/curricular/keyan/code/XiangShan-fv/rocket-chip/hardfloat/src/test/resources/includes/CompareRecF16_lt.h", "C++", 0, 0, 0, 0, 0, 0, 0, 0, 0, 0, 0, 2, 0, 0, 0, 2, 4
"/home/stormy/curricular/keyan/code/XiangShan-fv/rocket-chip/hardfloat/src/test/resources/includes/CompareRecF32_eq.h", "C++", 0, 0, 0, 0, 0, 0, 0, 0, 0, 0, 0, 2, 0, 0, 0, 2, 4
"/home/stormy/curricular/keyan/code/XiangShan-fv/rocket-chip/hardfloat/src/test/resources/includes/CompareRecF32_le.h", "C++", 0, 0, 0, 0, 0, 0, 0, 0, 0, 0, 0, 2, 0, 0, 0, 2, 4
"/home/stormy/curricular/keyan/code/XiangShan-fv/rocket-chip/hardfloat/src/test/resources/includes/CompareRecF32_lt.h", "C++", 0, 0, 0, 0, 0, 0, 0, 0, 0, 0, 0, 2, 0, 0, 0, 2, 4
"/home/stormy/curricular/keyan/code/XiangShan-fv/rocket-chip/hardfloat/src/test/resources/includes/CompareRecF64_eq.h", "C++", 0, 0, 0, 0, 0, 0, 0, 0, 0, 0, 0, 2, 0, 0, 0, 2, 4
"/home/stormy/curricular/keyan/code/XiangShan-fv/rocket-chip/hardfloat/src/test/resources/includes/CompareRecF64_le.h", "C++", 0, 0, 0, 0, 0, 0, 0, 0, 0, 0, 0, 2, 0, 0, 0, 2, 4
"/home/stormy/curricular/keyan/code/XiangShan-fv/rocket-chip/hardfloat/src/test/resources/includes/CompareRecF64_lt.h", "C++", 0, 0, 0, 0, 0, 0, 0, 0, 0, 0, 0, 2, 0, 0, 0, 2, 4
"/home/stormy/curricular/keyan/code/XiangShan-fv/rocket-chip/hardfloat/src/test/resources/includes/DivSqrtRecF16_small_div.h", "C++", 0, 0, 0, 0, 0, 0, 0, 0, 0, 0, 0, 2, 0, 0, 0, 1, 3
"/home/stormy/curricular/keyan/code/XiangShan-fv/rocket-chip/hardfloat/src/test/resources/includes/DivSqrtRecF16_small_sqrt.h", "C++", 0, 0, 0, 0, 0, 0, 0, 0, 0, 0, 0, 4, 0, 0, 0, 2, 6
"/home/stormy/curricular/keyan/code/XiangShan-fv/rocket-chip/hardfloat/src/test/resources/includes/DivSqrtRecF32_small_div.h", "C++", 0, 0, 0, 0, 0, 0, 0, 0, 0, 0, 0, 2, 0, 0, 0, 1, 3
"/home/stormy/curricular/keyan/code/XiangShan-fv/rocket-chip/hardfloat/src/test/resources/includes/DivSqrtRecF32_small_sqrt.h", "C++", 0, 0, 0, 0, 0, 0, 0, 0, 0, 0, 0, 4, 0, 0, 0, 2, 6
"/home/stormy/curricular/keyan/code/XiangShan-fv/rocket-chip/hardfloat/src/test/resources/includes/DivSqrtRecF64_div.h", "C++", 0, 0, 0, 0, 0, 0, 0, 0, 0, 0, 0, 4, 0, 0, 0, 3, 7
"/home/stormy/curricular/keyan/code/XiangShan-fv/rocket-chip/hardfloat/src/test/resources/includes/DivSqrtRecF64_small_div.h", "C++", 0, 0, 0, 0, 0, 0, 0, 0, 0, 0, 0, 4, 0, 0, 0, 2, 6
"/home/stormy/curricular/keyan/code/XiangShan-fv/rocket-chip/hardfloat/src/test/resources/includes/DivSqrtRecF64_small_sqrt.h", "C++", 0, 0, 0, 0, 0, 0, 0, 0, 0, 0, 0, 4, 0, 0, 0, 2, 6
"/home/stormy/curricular/keyan/code/XiangShan-fv/rocket-chip/hardfloat/src/test/resources/includes/DivSqrtRecF64_sqrt.h", "C++", 0, 0, 0, 0, 0, 0, 0, 0, 0, 0, 0, 4, 0, 0, 0, 2, 6
"/home/stormy/curricular/keyan/code/XiangShan-fv/rocket-chip/hardfloat/src/test/resources/includes/DivSqrtRecFN_div.h", "C++", 0, 0, 0, 0, 0, 0, 0, 0, 0, 0, 0, 43, 0, 0, 2, 15, 60
"/home/stormy/curricular/keyan/code/XiangShan-fv/rocket-chip/hardfloat/src/test/resources/includes/DivSqrtRecFN_small_div.h", "C++", 0, 0, 0, 0, 0, 0, 0, 0, 0, 0, 0, 39, 0, 0, 2, 14, 55
"/home/stormy/curricular/keyan/code/XiangShan-fv/rocket-chip/hardfloat/src/test/resources/includes/DivSqrtRecFN_small_sqrt.h", "C++", 0, 0, 0, 0, 0, 0, 0, 0, 0, 0, 0, 33, 0, 0, 2, 12, 47
"/home/stormy/curricular/keyan/code/XiangShan-fv/rocket-chip/hardfloat/src/test/resources/includes/DivSqrtRecFN_sqrt.h", "C++", 0, 0, 0, 0, 0, 0, 0, 0, 0, 0, 0, 33, 0, 0, 2, 12, 47
"/home/stormy/curricular/keyan/code/XiangShan-fv/rocket-chip/hardfloat/src/test/resources/includes/I32ToRecF16.h", "C++", 0, 0, 0, 0, 0, 0, 0, 0, 0, 0, 0, 5, 0, 0, 0, 2, 7
"/home/stormy/curricular/keyan/code/XiangShan-fv/rocket-chip/hardfloat/src/test/resources/includes/I32ToRecF32.h", "C++", 0, 0, 0, 0, 0, 0, 0, 0, 0, 0, 0, 3, 0, 0, 0, 1, 4
"/home/stormy/curricular/keyan/code/XiangShan-fv/rocket-chip/hardfloat/src/test/resources/includes/I32ToRecF64.h", "C++", 0, 0, 0, 0, 0, 0, 0, 0, 0, 0, 0, 5, 0, 0, 0, 2, 7
"/home/stormy/curricular/keyan/code/XiangShan-fv/rocket-chip/hardfloat/src/test/resources/includes/I64ToRecF16.h", "C++", 0, 0, 0, 0, 0, 0, 0, 0, 0, 0, 0, 3, 0, 0, 0, 2, 5
"/home/stormy/curricular/keyan/code/XiangShan-fv/rocket-chip/hardfloat/src/test/resources/includes/I64ToRecF32.h", "C++", 0, 0, 0, 0, 0, 0, 0, 0, 0, 0, 0, 3, 0, 0, 0, 2, 5
"/home/stormy/curricular/keyan/code/XiangShan-fv/rocket-chip/hardfloat/src/test/resources/includes/I64ToRecF64.h", "C++", 0, 0, 0, 0, 0, 0, 0, 0, 0, 0, 0, 3, 0, 0, 0, 2, 5
"/home/stormy/curricular/keyan/code/XiangShan-fv/rocket-chip/hardfloat/src/test/resources/includes/INToRecFN.h", "C++", 0, 0, 0, 0, 0, 0, 0, 0, 0, 0, 0, 28, 0, 0, 2, 11, 41
"/home/stormy/curricular/keyan/code/XiangShan-fv/rocket-chip/hardfloat/src/test/resources/includes/MulAddRecF16.h", "C++", 0, 0, 0, 0, 0, 0, 0, 0, 0, 0, 0, 2, 0, 0, 0, 2, 4
"/home/stormy/curricular/keyan/code/XiangShan-fv/rocket-chip/hardfloat/src/test/resources/includes/MulAddRecF16_add.h", "C++", 0, 0, 0, 0, 0, 0, 0, 0, 0, 0, 0, 4, 0, 0, 0, 2, 6
"/home/stormy/curricular/keyan/code/XiangShan-fv/rocket-chip/hardfloat/src/test/resources/includes/MulAddRecF16_mul.h", "C++", 0, 0, 0, 0, 0, 0, 0, 0, 0, 0, 0, 4, 0, 0, 0, 2, 6
"/home/stormy/curricular/keyan/code/XiangShan-fv/rocket-chip/hardfloat/src/test/resources/includes/MulAddRecF32.h", "C++", 0, 0, 0, 0, 0, 0, 0, 0, 0, 0, 0, 2, 0, 0, 0, 2, 4
"/home/stormy/curricular/keyan/code/XiangShan-fv/rocket-chip/hardfloat/src/test/resources/includes/MulAddRecF32_add.h", "C++", 0, 0, 0, 0, 0, 0, 0, 0, 0, 0, 0, 2, 0, 0, 0, 2, 4
"/home/stormy/curricular/keyan/code/XiangShan-fv/rocket-chip/hardfloat/src/test/resources/includes/MulAddRecF32_mul.h", "C++", 0, 0, 0, 0, 0, 0, 0, 0, 0, 0, 0, 2, 0, 0, 0, 2, 4
"/home/stormy/curricular/keyan/code/XiangShan-fv/rocket-chip/hardfloat/src/test/resources/includes/MulAddRecF64.h", "C++", 0, 0, 0, 0, 0, 0, 0, 0, 0, 0, 0, 2, 0, 0, 0, 2, 4
"/home/stormy/curricular/keyan/code/XiangShan-fv/rocket-chip/hardfloat/src/test/resources/includes/MulAddRecF64_add.h", "C++", 0, 0, 0, 0, 0, 0, 0, 0, 0, 0, 0, 2, 0, 0, 0, 2, 4
"/home/stormy/curricular/keyan/code/XiangShan-fv/rocket-chip/hardfloat/src/test/resources/includes/MulAddRecF64_mul.h", "C++", 0, 0, 0, 0, 0, 0, 0, 0, 0, 0, 0, 2, 0, 0, 0, 2, 4
"/home/stormy/curricular/keyan/code/XiangShan-fv/rocket-chip/hardfloat/src/test/resources/includes/MulAddRecFN.h", "C++", 0, 0, 0, 0, 0, 0, 0, 0, 0, 0, 0, 36, 0, 0, 2, 13, 51
"/home/stormy/curricular/keyan/code/XiangShan-fv/rocket-chip/hardfloat/src/test/resources/includes/MulAddRecFN_add.h", "C++", 0, 0, 0, 0, 0, 0, 0, 0, 0, 0, 0, 32, 0, 0, 2, 12, 46
"/home/stormy/curricular/keyan/code/XiangShan-fv/rocket-chip/hardfloat/src/test/resources/includes/MulAddRecFN_mul.h", "C++", 0, 0, 0, 0, 0, 0, 0, 0, 0, 0, 0, 32, 0, 0, 2, 12, 46
"/home/stormy/curricular/keyan/code/XiangShan-fv/rocket-chip/hardfloat/src/test/resources/includes/MulRecF16.h", "C++", 0, 0, 0, 0, 0, 0, 0, 0, 0, 0, 0, 4, 0, 0, 0, 2, 6
"/home/stormy/curricular/keyan/code/XiangShan-fv/rocket-chip/hardfloat/src/test/resources/includes/MulRecF32.h", "C++", 0, 0, 0, 0, 0, 0, 0, 0, 0, 0, 0, 2, 0, 0, 0, 2, 4
"/home/stormy/curricular/keyan/code/XiangShan-fv/rocket-chip/hardfloat/src/test/resources/includes/MulRecF64.h", "C++", 0, 0, 0, 0, 0, 0, 0, 0, 0, 0, 0, 2, 0, 0, 0, 2, 4
"/home/stormy/curricular/keyan/code/XiangShan-fv/rocket-chip/hardfloat/src/test/resources/includes/RecF16ToI32.h", "C++", 0, 0, 0, 0, 0, 0, 0, 0, 0, 0, 0, 2, 0, 0, 0, 2, 4
"/home/stormy/curricular/keyan/code/XiangShan-fv/rocket-chip/hardfloat/src/test/resources/includes/RecF16ToI64.h", "C++", 0, 0, 0, 0, 0, 0, 0, 0, 0, 0, 0, 2, 0, 0, 0, 2, 4
"/home/stormy/curricular/keyan/code/XiangShan-fv/rocket-chip/hardfloat/src/test/resources/includes/RecF16ToRecF32.h", "C++", 0, 0, 0, 0, 0, 0, 0, 0, 0, 0, 0, 3, 0, 0, 0, 2, 5
"/home/stormy/curricular/keyan/code/XiangShan-fv/rocket-chip/hardfloat/src/test/resources/includes/RecF16ToRecF64.h", "C++", 0, 0, 0, 0, 0, 0, 0, 0, 0, 0, 0, 3, 0, 0, 0, 2, 5
"/home/stormy/curricular/keyan/code/XiangShan-fv/rocket-chip/hardfloat/src/test/resources/includes/RecF16ToUI32.h", "C++", 0, 0, 0, 0, 0, 0, 0, 0, 0, 0, 0, 2, 0, 0, 0, 2, 4
"/home/stormy/curricular/keyan/code/XiangShan-fv/rocket-chip/hardfloat/src/test/resources/includes/RecF16ToUI64.h", "C++", 0, 0, 0, 0, 0, 0, 0, 0, 0, 0, 0, 2, 0, 0, 0, 2, 4
"/home/stormy/curricular/keyan/code/XiangShan-fv/rocket-chip/hardfloat/src/test/resources/includes/RecF32ToI32.h", "C++", 0, 0, 0, 0, 0, 0, 0, 0, 0, 0, 0, 2, 0, 0, 0, 2, 4
"/home/stormy/curricular/keyan/code/XiangShan-fv/rocket-chip/hardfloat/src/test/resources/includes/RecF32ToI64.h", "C++", 0, 0, 0, 0, 0, 0, 0, 0, 0, 0, 0, 2, 0, 0, 0, 2, 4
"/home/stormy/curricular/keyan/code/XiangShan-fv/rocket-chip/hardfloat/src/test/resources/includes/RecF32ToRecF16.h", "C++", 0, 0, 0, 0, 0, 0, 0, 0, 0, 0, 0, 3, 0, 0, 0, 2, 5
"/home/stormy/curricular/keyan/code/XiangShan-fv/rocket-chip/hardfloat/src/test/resources/includes/RecF32ToRecF64.h", "C++", 0, 0, 0, 0, 0, 0, 0, 0, 0, 0, 0, 3, 0, 0, 0, 2, 5
"/home/stormy/curricular/keyan/code/XiangShan-fv/rocket-chip/hardfloat/src/test/resources/includes/RecF32ToUI32.h", "C++", 0, 0, 0, 0, 0, 0, 0, 0, 0, 0, 0, 2, 0, 0, 0, 2, 4
"/home/stormy/curricular/keyan/code/XiangShan-fv/rocket-chip/hardfloat/src/test/resources/includes/RecF32ToUI64.h", "C++", 0, 0, 0, 0, 0, 0, 0, 0, 0, 0, 0, 2, 0, 0, 0, 2, 4
"/home/stormy/curricular/keyan/code/XiangShan-fv/rocket-chip/hardfloat/src/test/resources/includes/RecF64ToI32.h", "C++", 0, 0, 0, 0, 0, 0, 0, 0, 0, 0, 0, 2, 0, 0, 0, 2, 4
"/home/stormy/curricular/keyan/code/XiangShan-fv/rocket-chip/hardfloat/src/test/resources/includes/RecF64ToI64.h", "C++", 0, 0, 0, 0, 0, 0, 0, 0, 0, 0, 0, 2, 0, 0, 0, 2, 4
"/home/stormy/curricular/keyan/code/XiangShan-fv/rocket-chip/hardfloat/src/test/resources/includes/RecF64ToRecF16.h", "C++", 0, 0, 0, 0, 0, 0, 0, 0, 0, 0, 0, 3, 0, 0, 0, 2, 5
"/home/stormy/curricular/keyan/code/XiangShan-fv/rocket-chip/hardfloat/src/test/resources/includes/RecF64ToRecF32.h", "C++", 0, 0, 0, 0, 0, 0, 0, 0, 0, 0, 0, 3, 0, 0, 0, 2, 5
"/home/stormy/curricular/keyan/code/XiangShan-fv/rocket-chip/hardfloat/src/test/resources/includes/RecF64ToUI32.h", "C++", 0, 0, 0, 0, 0, 0, 0, 0, 0, 0, 0, 2, 0, 0, 0, 2, 4
"/home/stormy/curricular/keyan/code/XiangShan-fv/rocket-chip/hardfloat/src/test/resources/includes/RecF64ToUI64.h", "C++", 0, 0, 0, 0, 0, 0, 0, 0, 0, 0, 0, 2, 0, 0, 0, 2, 4
"/home/stormy/curricular/keyan/code/XiangShan-fv/rocket-chip/hardfloat/src/test/resources/includes/RecFNToRecFN.h", "C++", 0, 0, 0, 0, 0, 0, 0, 0, 0, 0, 0, 28, 0, 0, 2, 11, 41
"/home/stormy/curricular/keyan/code/XiangShan-fv/rocket-chip/hardfloat/src/test/resources/includes/UI32ToRecF16.h", "C++", 0, 0, 0, 0, 0, 0, 0, 0, 0, 0, 0, 3, 0, 0, 0, 1, 4
"/home/stormy/curricular/keyan/code/XiangShan-fv/rocket-chip/hardfloat/src/test/resources/includes/UI32ToRecF32.h", "C++", 0, 0, 0, 0, 0, 0, 0, 0, 0, 0, 0, 3, 0, 0, 0, 1, 4
"/home/stormy/curricular/keyan/code/XiangShan-fv/rocket-chip/hardfloat/src/test/resources/includes/UI32ToRecF64.h", "C++", 0, 0, 0, 0, 0, 0, 0, 0, 0, 0, 0, 3, 0, 0, 0, 1, 4
"/home/stormy/curricular/keyan/code/XiangShan-fv/rocket-chip/hardfloat/src/test/resources/includes/UI64ToRecF16.h", "C++", 0, 0, 0, 0, 0, 0, 0, 0, 0, 0, 0, 3, 0, 0, 0, 1, 4
"/home/stormy/curricular/keyan/code/XiangShan-fv/rocket-chip/hardfloat/src/test/resources/includes/UI64ToRecF32.h", "C++", 0, 0, 0, 0, 0, 0, 0, 0, 0, 0, 0, 3, 0, 0, 0, 1, 4
"/home/stormy/curricular/keyan/code/XiangShan-fv/rocket-chip/hardfloat/src/test/resources/includes/UI64ToRecF64.h", "C++", 0, 0, 0, 0, 0, 0, 0, 0, 0, 0, 0, 3, 0, 0, 0, 1, 4
"/home/stormy/curricular/keyan/code/XiangShan-fv/rocket-chip/hardfloat/src/test/resources/includes/UINToRecFN.h", "C++", 0, 0, 0, 0, 0, 0, 0, 0, 0, 0, 0, 28, 0, 0, 2, 13, 43
"/home/stormy/curricular/keyan/code/XiangShan-fv/rocket-chip/hardfloat/src/test/resources/includes/f16FromRecF16.h", "C++", 0, 0, 0, 0, 0, 0, 0, 0, 0, 0, 0, 1, 0, 0, 0, 2, 3
"/home/stormy/curricular/keyan/code/XiangShan-fv/rocket-chip/hardfloat/src/test/resources/includes/f32FromRecF32.h", "C++", 0, 0, 0, 0, 0, 0, 0, 0, 0, 0, 0, 1, 0, 0, 0, 2, 3
"/home/stormy/curricular/keyan/code/XiangShan-fv/rocket-chip/hardfloat/src/test/resources/includes/f64FromRecF64.h", "C++", 0, 0, 0, 0, 0, 0, 0, 0, 0, 0, 0, 1, 0, 0, 0, 2, 3
"/home/stormy/curricular/keyan/code/XiangShan-fv/rocket-chip/hardfloat/src/test/resources/includes/verilator.h", "C++", 0, 0, 0, 0, 0, 0, 0, 0, 0, 0, 0, 23, 0, 0, 2, 5, 30
"/home/stormy/curricular/keyan/code/XiangShan-fv/rocket-chip/hardfloat/src/test/resources/vsrc/emulator-f32_mulAdd.vh", "Verilog", 0, 0, 0, 0, 39, 0, 0, 0, 0, 0, 0, 0, 0, 0, 0, 10, 49
"/home/stormy/curricular/keyan/code/XiangShan-fv/rocket-chip/hardfloat/src/test/resources/vsrc/emulator-f64_div.vh", "Verilog", 0, 0, 0, 0, 54, 0, 0, 0, 0, 0, 0, 0, 0, 0, 0, 13, 67
"/home/stormy/curricular/keyan/code/XiangShan-fv/rocket-chip/hardfloat/src/test/resources/vsrc/emulator-f64_mulAdd.vh", "Verilog", 0, 0, 0, 0, 39, 0, 0, 0, 0, 0, 0, 0, 0, 0, 0, 10, 49
"/home/stormy/curricular/keyan/code/XiangShan-fv/rocket-chip/hardfloat/src/test/resources/vsrc/emulator-f64_sqrt.vh", "Verilog", 0, 0, 0, 0, 50, 0, 0, 0, 0, 0, 0, 0, 0, 0, 0, 13, 63
"/home/stormy/curricular/keyan/code/XiangShan-fv/rocket-chip/hardfloat/src/test/scala/FMATester.scala", "Scala", 0, 0, 0, 0, 0, 75, 0, 0, 0, 0, 0, 0, 0, 0, 12, 10, 97
"/home/stormy/curricular/keyan/code/XiangShan-fv/rocket-chip/hardfloat/src/test/scala/HardfloatTester.scala", "Scala", 0, 0, 0, 0, 0, 40, 0, 0, 0, 0, 0, 0, 0, 0, 0, 8, 48
"/home/stormy/curricular/keyan/code/XiangShan-fv/rocket-chip/hardfloat/src/test/scala/ValExec_AddRecFN.scala", "Scala", 0, 0, 0, 0, 0, 53, 0, 0, 0, 0, 0, 0, 0, 0, 35, 13, 101
"/home/stormy/curricular/keyan/code/XiangShan-fv/rocket-chip/hardfloat/src/test/scala/ValExec_CompareRecFN.scala", "Scala", 0, 0, 0, 0, 0, 126, 0, 0, 0, 0, 0, 0, 0, 0, 35, 17, 178
"/home/stormy/curricular/keyan/code/XiangShan-fv/rocket-chip/hardfloat/src/test/scala/ValExec_DivSqrtRecF64.scala", "Scala", 0, 0, 0, 0, 0, 130, 0, 0, 0, 0, 0, 0, 0, 0, 35, 32, 197
"/home/stormy/curricular/keyan/code/XiangShan-fv/rocket-chip/hardfloat/src/test/scala/ValExec_DivSqrtRecFN_small.scala", "Scala", 0, 0, 0, 0, 0, 152, 0, 0, 0, 0, 0, 0, 0, 0, 34, 35, 221
"/home/stormy/curricular/keyan/code/XiangShan-fv/rocket-chip/hardfloat/src/test/scala/ValExec_INToRecFN.scala", "Scala", 0, 0, 0, 0, 0, 96, 0, 0, 0, 0, 0, 0, 0, 0, 35, 21, 152
"/home/stormy/curricular/keyan/code/XiangShan-fv/rocket-chip/hardfloat/src/test/scala/ValExec_MulAddRecFN.scala", "Scala", 0, 0, 0, 0, 0, 151, 0, 0, 0, 0, 0, 0, 0, 0, 35, 28, 214
"/home/stormy/curricular/keyan/code/XiangShan-fv/rocket-chip/hardfloat/src/test/scala/ValExec_MulRecFN.scala", "Scala", 0, 0, 0, 0, 0, 52, 0, 0, 0, 0, 0, 0, 0, 0, 35, 13, 100
"/home/stormy/curricular/keyan/code/XiangShan-fv/rocket-chip/hardfloat/src/test/scala/ValExec_RecFNToIN.scala", "Scala", 0, 0, 0, 0, 0, 133, 0, 0, 0, 0, 0, 0, 0, 0, 35, 21, 189
"/home/stormy/curricular/keyan/code/XiangShan-fv/rocket-chip/hardfloat/src/test/scala/ValExec_RecFNToRecFN.scala", "Scala", 0, 0, 0, 0, 0, 73, 0, 0, 0, 0, 0, 0, 0, 0, 35, 15, 123
"/home/stormy/curricular/keyan/code/XiangShan-fv/rocket-chip/hardfloat/src/test/scala/ValExec_fNFromRecFN.scala", "Scala", 0, 0, 0, 0, 0, 35, 0, 0, 0, 0, 0, 0, 0, 0, 35, 11, 81
"/home/stormy/curricular/keyan/code/XiangShan-fv/rocket-chip/hardfloat/src/test/scala/package.scala", "Scala", 0, 0, 0, 0, 0, 14, 0, 0, 0, 0, 0, 0, 0, 0, 35, 4, 53
"/home/stormy/curricular/keyan/code/XiangShan-fv/rocket-chip/macros/src/main/scala/ValName.scala", "Scala", 0, 0, 0, 0, 0, 18, 0, 0, 0, 0, 0, 0, 0, 0, 1, 5, 24
"/home/stormy/curricular/keyan/code/XiangShan-fv/rocket-chip/project/build.properties", "Properties", 0, 0, 0, 0, 0, 0, 0, 1, 0, 0, 0, 0, 0, 0, 0, 1, 2
"/home/stormy/curricular/keyan/code/XiangShan-fv/rocket-chip/project/plugins.sbt", "Scala", 0, 0, 0, 0, 0, 11, 0, 0, 0, 0, 0, 0, 0, 0, 0, 11, 22
"/home/stormy/curricular/keyan/code/XiangShan-fv/rocket-chip/regression/Makefile", "Makefile", 0, 0, 0, 0, 0, 0, 0, 0, 0, 252, 0, 0, 0, 0, 37, 64, 353
"/home/stormy/curricular/keyan/code/XiangShan-fv/rocket-chip/scripts/Makefile", "Makefile", 0, 0, 0, 0, 0, 0, 0, 0, 0, 12, 0, 0, 0, 0, 0, 7, 19
"/home/stormy/curricular/keyan/code/XiangShan-fv/rocket-chip/scripts/RocketSim.cfg", "Properties", 0, 0, 0, 0, 0, 0, 0, 14, 0, 0, 0, 0, 0, 0, 1, 7, 22
"/home/stormy/curricular/keyan/code/XiangShan-fv/rocket-chip/scripts/RocketSim.py", "Python", 16, 0, 0, 0, 0, 0, 0, 0, 0, 0, 0, 0, 0, 0, 2, 4, 22
"/home/stormy/curricular/keyan/code/XiangShan-fv/rocket-chip/scripts/RocketSim32.py", "Python", 17, 0, 0, 0, 0, 0, 0, 0, 0, 0, 0, 0, 0, 0, 2, 4, 23
"/home/stormy/curricular/keyan/code/XiangShan-fv/rocket-chip/scripts/RocketSim64.py", "Python", 17, 0, 0, 0, 0, 0, 0, 0, 0, 0, 0, 0, 0, 0, 2, 4, 23
"/home/stormy/curricular/keyan/code/XiangShan-fv/rocket-chip/scripts/check_cache_trace.py", "Python", 50, 0, 0, 0, 0, 0, 0, 0, 0, 0, 0, 0, 0, 0, 5, 11, 66
"/home/stormy/curricular/keyan/code/XiangShan-fv/rocket-chip/scripts/check_comparator_trace.py", "Python", 93, 0, 0, 0, 0, 0, 0, 0, 0, 0, 0, 0, 0, 0, 0, 14, 107
"/home/stormy/curricular/keyan/code/XiangShan-fv/rocket-chip/scripts/debug_rom/Makefile", "Makefile", 0, 0, 0, 0, 0, 0, 0, 0, 0, 19, 0, 0, 0, 0, 3, 11, 33
"/home/stormy/curricular/keyan/code/XiangShan-fv/rocket-chip/scripts/debug_rom/debug_rom.S", "ARM", 0, 0, 0, 0, 0, 0, 0, 0, 0, 0, 0, 0, 0, 65, 0, 14, 79
"/home/stormy/curricular/keyan/code/XiangShan-fv/rocket-chip/scripts/debug_rom/debug_rom_nonzero.S", "ARM", 0, 0, 0, 0, 0, 0, 0, 0, 0, 0, 0, 0, 0, 73, 0, 17, 90
"/home/stormy/curricular/keyan/code/XiangShan-fv/rocket-chip/scripts/debug_rom/link.ld", "LinkerScript", 0, 0, 0, 0, 0, 0, 0, 0, 0, 0, 0, 0, 15, 0, 1, 1, 17
"/home/stormy/curricular/keyan/code/XiangShan-fv/rocket-chip/scripts/toaxe.py", "Python", 137, 0, 0, 0, 0, 0, 0, 0, 0, 0, 0, 0, 0, 0, 48, 26, 211
"/home/stormy/curricular/keyan/code/XiangShan-fv/rocket-chip/scripts/tracegen+check.sh", "Shell Script", 0, 0, 86, 0, 0, 0, 0, 0, 0, 0, 0, 0, 0, 0, 36, 27, 149
"/home/stormy/curricular/keyan/code/XiangShan-fv/rocket-chip/scripts/tracegen.py", "Python", 32, 0, 0, 0, 0, 0, 0, 0, 0, 0, 0, 0, 0, 0, 26, 10, 68
"/home/stormy/curricular/keyan/code/XiangShan-fv/rocket-chip/scripts/tracestats.py", "Python", 40, 0, 0, 0, 0, 0, 0, 0, 0, 0, 0, 0, 0, 0, 25, 12, 77
"/home/stormy/curricular/keyan/code/XiangShan-fv/rocket-chip/src/main/resources/csrc/SimDTM.cc", "C++", 0, 0, 0, 0, 0, 0, 0, 0, 0, 0, 0, 39, 0, 0, 1, 8, 48
"/home/stormy/curricular/keyan/code/XiangShan-fv/rocket-chip/src/main/resources/csrc/SimJTAG.cc", "C++", 0, 0, 0, 0, 0, 0, 0, 0, 0, 0, 0, 18, 0, 0, 2, 6, 26
"/home/stormy/curricular/keyan/code/XiangShan-fv/rocket-chip/src/main/resources/csrc/comlog.cc", "C++", 0, 0, 0, 0, 0, 0, 0, 0, 0, 0, 0, 112, 0, 0, 84, 35, 231
"/home/stormy/curricular/keyan/code/XiangShan-fv/rocket-chip/src/main/resources/csrc/emulator.cc", "C++", 0, 0, 0, 0, 0, 0, 0, 0, 0, 0, 0, 283, 0, 0, 31, 26, 340
"/home/stormy/curricular/keyan/code/XiangShan-fv/rocket-chip/src/main/resources/csrc/float_fix.cc", "C++", 0, 0, 0, 0, 0, 0, 0, 0, 0, 0, 0, 85, 0, 0, 27, 23, 135
"/home/stormy/curricular/keyan/code/XiangShan-fv/rocket-chip/src/main/resources/csrc/remote_bitbang.cc", "C++", 0, 0, 0, 0, 0, 0, 0, 0, 0, 0, 0, 168, 0, 0, 8, 27, 203
"/home/stormy/curricular/keyan/code/XiangShan-fv/rocket-chip/src/main/resources/csrc/remote_bitbang.h", "C++", 0, 0, 0, 0, 0, 0, 0, 0, 0, 0, 0, 34, 0, 0, 9, 17, 60
"/home/stormy/curricular/keyan/code/XiangShan-fv/rocket-chip/src/main/resources/csrc/verilator.h", "C++", 0, 0, 0, 0, 0, 0, 0, 0, 0, 0, 0, 23, 0, 0, 2, 5, 30
"/home/stormy/curricular/keyan/code/XiangShan-fv/rocket-chip/src/main/scala/amba/ahb/AHBLite.scala", "Scala", 0, 0, 0, 0, 0, 34, 0, 0, 0, 0, 0, 0, 0, 0, 1, 8, 43
"/home/stormy/curricular/keyan/code/XiangShan-fv/rocket-chip/src/main/scala/amba/ahb/Bundles.scala", "Scala", 0, 0, 0, 0, 0, 97, 0, 0, 0, 0, 0, 0, 0, 0, 14, 19, 130
"/home/stormy/curricular/keyan/code/XiangShan-fv/rocket-chip/src/main/scala/amba/ahb/Monitor.scala", "Scala", 0, 0, 0, 0, 0, 20, 0, 0, 0, 0, 0, 0, 0, 0, 1, 10, 31
"/home/stormy/curricular/keyan/code/XiangShan-fv/rocket-chip/src/main/scala/amba/ahb/Nodes.scala", "Scala", 0, 0, 0, 0, 0, 65, 0, 0, 0, 0, 0, 0, 0, 0, 6, 16, 87
"/home/stormy/curricular/keyan/code/XiangShan-fv/rocket-chip/src/main/scala/amba/ahb/Parameters.scala", "Scala", 0, 0, 0, 0, 0, 107, 0, 0, 0, 0, 0, 0, 0, 0, 6, 19, 132
"/home/stormy/curricular/keyan/code/XiangShan-fv/rocket-chip/src/main/scala/amba/ahb/Protocol.scala", "Scala", 0, 0, 0, 0, 0, 33, 0, 0, 0, 0, 0, 0, 0, 0, 3, 9, 45
"/home/stormy/curricular/keyan/code/XiangShan-fv/rocket-chip/src/main/scala/amba/ahb/RegisterRouter.scala", "Scala", 0, 0, 0, 0, 0, 96, 0, 0, 0, 0, 0, 0, 0, 0, 11, 23, 130
"/home/stormy/curricular/keyan/code/XiangShan-fv/rocket-chip/src/main/scala/amba/ahb/SRAM.scala", "Scala", 0, 0, 0, 0, 0, 74, 0, 0, 0, 0, 0, 0, 0, 0, 22, 17, 113
"/home/stormy/curricular/keyan/code/XiangShan-fv/rocket-chip/src/main/scala/amba/ahb/Test.scala", "Scala", 0, 0, 0, 0, 0, 86, 0, 0, 0, 0, 0, 0, 0, 0, 1, 20, 107
"/home/stormy/curricular/keyan/code/XiangShan-fv/rocket-chip/src/main/scala/amba/ahb/ToTL.scala", "Scala", 0, 0, 0, 0, 0, 142, 0, 0, 0, 0, 0, 0, 0, 0, 18, 24, 184
"/home/stormy/curricular/keyan/code/XiangShan-fv/rocket-chip/src/main/scala/amba/ahb/Xbar.scala", "Scala", 0, 0, 0, 0, 0, 76, 0, 0, 0, 0, 0, 0, 0, 0, 2, 14, 92
"/home/stormy/curricular/keyan/code/XiangShan-fv/rocket-chip/src/main/scala/amba/ahb/package.scala", "Scala", 0, 0, 0, 0, 0, 11, 0, 0, 0, 0, 0, 0, 0, 0, 1, 4, 16
"/home/stormy/curricular/keyan/code/XiangShan-fv/rocket-chip/src/main/scala/amba/apb/Bundles.scala", "Scala", 0, 0, 0, 0, 0, 39, 0, 0, 0, 0, 0, 0, 0, 0, 4, 8, 51
"/home/stormy/curricular/keyan/code/XiangShan-fv/rocket-chip/src/main/scala/amba/apb/Monitor.scala", "Scala", 0, 0, 0, 0, 0, 11, 0, 0, 0, 0, 0, 0, 0, 0, 1, 6, 18
"/home/stormy/curricular/keyan/code/XiangShan-fv/rocket-chip/src/main/scala/amba/apb/Nodes.scala", "Scala", 0, 0, 0, 0, 0, 30, 0, 0, 0, 0, 0, 0, 0, 0, 1, 9, 40
"/home/stormy/curricular/keyan/code/XiangShan-fv/rocket-chip/src/main/scala/amba/apb/Parameters.scala", "Scala", 0, 0, 0, 0, 0, 89, 0, 0, 0, 0, 0, 0, 0, 0, 3, 17, 109
"/home/stormy/curricular/keyan/code/XiangShan-fv/rocket-chip/src/main/scala/amba/apb/Protocol.scala", "Scala", 0, 0, 0, 0, 0, 10, 0, 0, 0, 0, 0, 0, 0, 0, 2, 5, 17
"/home/stormy/curricular/keyan/code/XiangShan-fv/rocket-chip/src/main/scala/amba/apb/RegisterRouter.scala", "Scala", 0, 0, 0, 0, 0, 79, 0, 0, 0, 0, 0, 0, 0, 0, 11, 21, 111
"/home/stormy/curricular/keyan/code/XiangShan-fv/rocket-chip/src/main/scala/amba/apb/SRAM.scala", "Scala", 0, 0, 0, 0, 0, 47, 0, 0, 0, 0, 0, 0, 0, 0, 1, 9, 57
"/home/stormy/curricular/keyan/code/XiangShan-fv/rocket-chip/src/main/scala/amba/apb/Test.scala", "Scala", 0, 0, 0, 0, 0, 38, 0, 0, 0, 0, 0, 0, 0, 0, 1, 9, 48
"/home/stormy/curricular/keyan/code/XiangShan-fv/rocket-chip/src/main/scala/amba/apb/ToTL.scala", "Scala", 0, 0, 0, 0, 0, 95, 0, 0, 0, 0, 0, 0, 0, 0, 16, 18, 129
"/home/stormy/curricular/keyan/code/XiangShan-fv/rocket-chip/src/main/scala/amba/apb/Xbar.scala", "Scala", 0, 0, 0, 0, 0, 43, 0, 0, 0, 0, 0, 0, 0, 0, 2, 10, 55
"/home/stormy/curricular/keyan/code/XiangShan-fv/rocket-chip/src/main/scala/amba/apb/package.scala", "Scala", 0, 0, 0, 0, 0, 8, 0, 0, 0, 0, 0, 0, 0, 0, 1, 4, 13
"/home/stormy/curricular/keyan/code/XiangShan-fv/rocket-chip/src/main/scala/amba/axi4/AsyncCrossing.scala", "Scala", 0, 0, 0, 0, 0, 93, 0, 0, 0, 0, 0, 0, 0, 0, 19, 20, 132
"/home/stormy/curricular/keyan/code/XiangShan-fv/rocket-chip/src/main/scala/amba/axi4/Buffer.scala", "Scala", 0, 0, 0, 0, 0, 52, 0, 0, 0, 0, 0, 0, 0, 0, 6, 8, 66
"/home/stormy/curricular/keyan/code/XiangShan-fv/rocket-chip/src/main/scala/amba/axi4/Bundles.scala", "Scala", 0, 0, 0, 0, 0, 105, 0, 0, 0, 0, 0, 0, 0, 0, 28, 18, 151
"/home/stormy/curricular/keyan/code/XiangShan-fv/rocket-chip/src/main/scala/amba/axi4/Credited.scala", "Scala", 0, 0, 0, 0, 0, 96, 0, 0, 0, 0, 0, 0, 0, 0, 2, 16, 114
"/home/stormy/curricular/keyan/code/XiangShan-fv/rocket-chip/src/main/scala/amba/axi4/CrossingHelper.scala", "Scala", 0, 0, 0, 0, 0, 68, 0, 0, 0, 0, 0, 0, 0, 0, 1, 9, 78
"/home/stormy/curricular/keyan/code/XiangShan-fv/rocket-chip/src/main/scala/amba/axi4/Deinterleaver.scala", "Scala", 0, 0, 0, 0, 0, 102, 0, 0, 0, 0, 0, 0, 0, 0, 25, 17, 144
"/home/stormy/curricular/keyan/code/XiangShan-fv/rocket-chip/src/main/scala/amba/axi4/Delayer.scala", "Scala", 0, 0, 0, 0, 0, 65, 0, 0, 0, 0, 0, 0, 0, 0, 7, 14, 86
"/home/stormy/curricular/keyan/code/XiangShan-fv/rocket-chip/src/main/scala/amba/axi4/Filter.scala", "Scala", 0, 0, 0, 0, 0, 57, 0, 0, 0, 0, 0, 0, 0, 0, 2, 7, 66
"/home/stormy/curricular/keyan/code/XiangShan-fv/rocket-chip/src/main/scala/amba/axi4/Fragmenter.scala", "Scala", 0, 0, 0, 0, 0, 132, 0, 0, 0, 0, 0, 0, 0, 0, 45, 35, 212
"/home/stormy/curricular/keyan/code/XiangShan-fv/rocket-chip/src/main/scala/amba/axi4/IdIndexer.scala", "Scala", 0, 0, 0, 0, 0, 70, 0, 0, 0, 0, 0, 0, 0, 0, 15, 10, 95
"/home/stormy/curricular/keyan/code/XiangShan-fv/rocket-chip/src/main/scala/amba/axi4/Monitor.scala", "Scala", 0, 0, 0, 0, 0, 11, 0, 0, 0, 0, 0, 0, 0, 0, 1, 6, 18
"/home/stormy/curricular/keyan/code/XiangShan-fv/rocket-chip/src/main/scala/amba/axi4/Nodes.scala", "Scala", 0, 0, 0, 0, 0, 94, 0, 0, 0, 0, 0, 0, 0, 0, 1, 22, 117
"/home/stormy/curricular/keyan/code/XiangShan-fv/rocket-chip/src/main/scala/amba/axi4/Parameters.scala", "Scala", 0, 0, 0, 0, 0, 186, 0, 0, 0, 0, 0, 0, 0, 0, 17, 30, 233
"/home/stormy/curricular/keyan/code/XiangShan-fv/rocket-chip/src/main/scala/amba/axi4/Protocol.scala", "Scala", 0, 0, 0, 0, 0, 27, 0, 0, 0, 0, 0, 0, 0, 0, 2, 8, 37
"/home/stormy/curricular/keyan/code/XiangShan-fv/rocket-chip/src/main/scala/amba/axi4/RegisterRouter.scala", "Scala", 0, 0, 0, 0, 0, 108, 0, 0, 0, 0, 0, 0, 0, 0, 13, 26, 147
"/home/stormy/curricular/keyan/code/XiangShan-fv/rocket-chip/src/main/scala/amba/axi4/SRAM.scala", "Scala", 0, 0, 0, 0, 0, 111, 0, 0, 0, 0, 0, 0, 0, 0, 15, 22, 148
"/home/stormy/curricular/keyan/code/XiangShan-fv/rocket-chip/src/main/scala/amba/axi4/Test.scala", "Scala", 0, 0, 0, 0, 0, 127, 0, 0, 0, 0, 0, 0, 0, 0, 1, 29, 157
"/home/stormy/curricular/keyan/code/XiangShan-fv/rocket-chip/src/main/scala/amba/axi4/ToTL.scala", "Scala", 0, 0, 0, 0, 0, 180, 0, 0, 0, 0, 0, 0, 0, 0, 17, 31, 228
"/home/stormy/curricular/keyan/code/XiangShan-fv/rocket-chip/src/main/scala/amba/axi4/UserYanker.scala", "Scala", 0, 0, 0, 0, 0, 83, 0, 0, 0, 0, 0, 0, 0, 0, 10, 16, 109
"/home/stormy/curricular/keyan/code/XiangShan-fv/rocket-chip/src/main/scala/amba/axi4/Xbar.scala", "Scala", 0, 0, 0, 0, 0, 252, 0, 0, 0, 0, 0, 0, 0, 0, 38, 43, 333
"/home/stormy/curricular/keyan/code/XiangShan-fv/rocket-chip/src/main/scala/amba/axi4/package.scala", "Scala", 0, 0, 0, 0, 0, 21, 0, 0, 0, 0, 0, 0, 0, 0, 4, 6, 31
"/home/stormy/curricular/keyan/code/XiangShan-fv/rocket-chip/src/main/scala/amba/axis/Buffer.scala", "Scala", 0, 0, 0, 0, 0, 20, 0, 0, 0, 0, 0, 0, 0, 0, 1, 5, 26
"/home/stormy/curricular/keyan/code/XiangShan-fv/rocket-chip/src/main/scala/amba/axis/Bundles.scala", "Scala", 0, 0, 0, 0, 0, 45, 0, 0, 0, 0, 0, 0, 0, 0, 1, 7, 53
"/home/stormy/curricular/keyan/code/XiangShan-fv/rocket-chip/src/main/scala/amba/axis/Nodes.scala", "Scala", 0, 0, 0, 0, 0, 27, 0, 0, 0, 0, 0, 0, 0, 0, 1, 7, 35
"/home/stormy/curricular/keyan/code/XiangShan-fv/rocket-chip/src/main/scala/amba/axis/Parameters.scala", "Scala", 0, 0, 0, 0, 0, 283, 0, 0, 0, 0, 0, 0, 0, 0, 1, 28, 312
"/home/stormy/curricular/keyan/code/XiangShan-fv/rocket-chip/src/main/scala/amba/axis/Xbar.scala", "Scala", 0, 0, 0, 0, 0, 86, 0, 0, 0, 0, 0, 0, 0, 0, 16, 20, 122
"/home/stormy/curricular/keyan/code/XiangShan-fv/rocket-chip/src/main/scala/amba/axis/package.scala", "Scala", 0, 0, 0, 0, 0, 8, 0, 0, 0, 0, 0, 0, 0, 0, 1, 4, 13
"/home/stormy/curricular/keyan/code/XiangShan-fv/rocket-chip/src/main/scala/amba/package.scala", "Scala", 0, 0, 0, 0, 0, 32, 0, 0, 0, 0, 0, 0, 0, 0, 2, 6, 40
"/home/stormy/curricular/keyan/code/XiangShan-fv/rocket-chip/src/main/scala/aop/Select.scala", "Scala", 0, 0, 0, 0, 0, 65, 0, 0, 0, 0, 0, 0, 0, 0, 45, 12, 122
"/home/stormy/curricular/keyan/code/XiangShan-fv/rocket-chip/src/main/scala/aspects/RenameModulesAspect.scala", "Scala", 0, 0, 0, 0, 0, 15, 0, 0, 0, 0, 0, 0, 0, 0, 26, 6, 47
"/home/stormy/curricular/keyan/code/XiangShan-fv/rocket-chip/src/main/scala/devices/debug/APB.scala", "Scala", 0, 0, 0, 0, 0, 20, 0, 0, 0, 0, 0, 0, 0, 0, 1, 10, 31
"/home/stormy/curricular/keyan/code/XiangShan-fv/rocket-chip/src/main/scala/devices/debug/Custom.scala", "Scala", 0, 0, 0, 0, 0, 65, 0, 0, 0, 0, 0, 0, 0, 0, 8, 15, 88
"/home/stormy/curricular/keyan/code/XiangShan-fv/rocket-chip/src/main/scala/devices/debug/DMI.scala", "Scala", 0, 0, 0, 0, 0, 69, 0, 0, 0, 0, 0, 0, 0, 0, 31, 28, 128
"/home/stormy/curricular/keyan/code/XiangShan-fv/rocket-chip/src/main/scala/devices/debug/Debug.scala", "Scala", 0, 0, 0, 0, 0, 1339, 0, 0, 0, 0, 0, 0, 0, 0, 256, 291, 1886
"/home/stormy/curricular/keyan/code/XiangShan-fv/rocket-chip/src/main/scala/devices/debug/DebugRomContents.scala", "Scala", 0, 0, 0, 0, 0, 12, 0, 0, 0, 0, 0, 0, 0, 0, 1, 6, 19
"/home/stormy/curricular/keyan/code/XiangShan-fv/rocket-chip/src/main/scala/devices/debug/DebugRomNonzeroContents.scala", "Scala", 0, 0, 0, 0, 0, 14, 0, 0, 0, 0, 0, 0, 0, 0, 1, 6, 21
"/home/stormy/curricular/keyan/code/XiangShan-fv/rocket-chip/src/main/scala/devices/debug/DebugTransport.scala", "Scala", 0, 0, 0, 0, 0, 169, 0, 0, 0, 0, 0, 0, 0, 0, 48, 61, 278
"/home/stormy/curricular/keyan/code/XiangShan-fv/rocket-chip/src/main/scala/devices/debug/Periphery.scala", "Scala", 0, 0, 0, 0, 0, 280, 0, 0, 0, 0, 0, 0, 0, 0, 15, 54, 349
"/home/stormy/curricular/keyan/code/XiangShan-fv/rocket-chip/src/main/scala/devices/debug/SBA.scala", "Scala", 0, 0, 0, 0, 0, 305, 0, 0, 0, 0, 0, 0, 0, 0, 14, 67, 386
"/home/stormy/curricular/keyan/code/XiangShan-fv/rocket-chip/src/main/scala/devices/debug/abstract_commands.scala", "Scala", 0, 0, 0, 0, 0, 18, 0, 0, 0, 0, 0, 0, 0, 0, 41, 19, 78
"/home/stormy/curricular/keyan/code/XiangShan-fv/rocket-chip/src/main/scala/devices/debug/dm_registers.scala", "Scala", 0, 0, 0, 0, 0, 182, 0, 0, 0, 0, 0, 0, 0, 0, 657, 183, 1022
"/home/stormy/curricular/keyan/code/XiangShan-fv/rocket-chip/src/main/scala/devices/tilelink/BootROM.scala", "Scala", 0, 0, 0, 0, 0, 71, 0, 0, 0, 0, 0, 0, 0, 0, 8, 17, 96
"/home/stormy/curricular/keyan/code/XiangShan-fv/rocket-chip/src/main/scala/devices/tilelink/BusBlocker.scala", "Scala", 0, 0, 0, 0, 0, 47, 0, 0, 0, 0, 0, 0, 0, 0, 21, 11, 79
"/home/stormy/curricular/keyan/code/XiangShan-fv/rocket-chip/src/main/scala/devices/tilelink/BusBypass.scala", "Scala", 0, 0, 0, 0, 0, 105, 0, 0, 0, 0, 0, 0, 0, 0, 5, 21, 131
"/home/stormy/curricular/keyan/code/XiangShan-fv/rocket-chip/src/main/scala/devices/tilelink/CLINT.scala", "Scala", 0, 0, 0, 0, 0, 82, 0, 0, 0, 0, 0, 0, 0, 0, 13, 23, 118
"/home/stormy/curricular/keyan/code/XiangShan-fv/rocket-chip/src/main/scala/devices/tilelink/CanHaveBuiltInDevices.scala", "Scala", 0, 0, 0, 0, 0, 52, 0, 0, 0, 0, 0, 0, 0, 0, 2, 13, 67
"/home/stormy/curricular/keyan/code/XiangShan-fv/rocket-chip/src/main/scala/devices/tilelink/ClockBlocker.scala", "Scala", 0, 0, 0, 0, 0, 36, 0, 0, 0, 0, 0, 0, 0, 0, 5, 12, 53
"/home/stormy/curricular/keyan/code/XiangShan-fv/rocket-chip/src/main/scala/devices/tilelink/Deadlock.scala", "Scala", 0, 0, 0, 0, 0, 17, 0, 0, 0, 0, 0, 0, 0, 0, 5, 4, 26
"/home/stormy/curricular/keyan/code/XiangShan-fv/rocket-chip/src/main/scala/devices/tilelink/DevNull.scala", "Scala", 0, 0, 0, 0, 0, 48, 0, 0, 0, 0, 0, 0, 0, 0, 5, 5, 58
"/home/stormy/curricular/keyan/code/XiangShan-fv/rocket-chip/src/main/scala/devices/tilelink/Error.scala", "Scala", 0, 0, 0, 0, 0, 55, 0, 0, 0, 0, 0, 0, 0, 0, 7, 17, 79
"/home/stormy/curricular/keyan/code/XiangShan-fv/rocket-chip/src/main/scala/devices/tilelink/MaskROM.scala", "Scala", 0, 0, 0, 0, 0, 58, 0, 0, 0, 0, 0, 0, 0, 0, 3, 14, 75
"/home/stormy/curricular/keyan/code/XiangShan-fv/rocket-chip/src/main/scala/devices/tilelink/MasterMux.scala", "Scala", 0, 0, 0, 0, 0, 105, 0, 0, 0, 0, 0, 0, 0, 0, 4, 23, 132
"/home/stormy/curricular/keyan/code/XiangShan-fv/rocket-chip/src/main/scala/devices/tilelink/PhysicalFilter.scala", "Scala", 0, 0, 0, 0, 0, 191, 0, 0, 0, 0, 0, 0, 0, 0, 65, 45, 301
"/home/stormy/curricular/keyan/code/XiangShan-fv/rocket-chip/src/main/scala/devices/tilelink/Plic.scala", "Scala", 0, 0, 0, 0, 0, 285, 0, 0, 0, 0, 0, 0, 0, 0, 27, 56, 368
"/home/stormy/curricular/keyan/code/XiangShan-fv/rocket-chip/src/main/scala/devices/tilelink/TestRAM.scala", "Scala", 0, 0, 0, 0, 0, 60, 0, 0, 0, 0, 0, 0, 0, 0, 6, 18, 84
"/home/stormy/curricular/keyan/code/XiangShan-fv/rocket-chip/src/main/scala/devices/tilelink/Zero.scala", "Scala", 0, 0, 0, 0, 0, 31, 0, 0, 0, 0, 0, 0, 0, 0, 5, 7, 43
"/home/stormy/curricular/keyan/code/XiangShan-fv/rocket-chip/src/main/scala/diplomacy/AddressDecoder.scala", "Scala", 0, 0, 0, 0, 0, 95, 0, 0, 0, 0, 0, 0, 0, 0, 24, 16, 135
"/home/stormy/curricular/keyan/code/XiangShan-fv/rocket-chip/src/main/scala/diplomacy/AddressRange.scala", "Scala", 0, 0, 0, 0, 0, 62, 0, 0, 0, 0, 0, 0, 0, 0, 5, 14, 81
"/home/stormy/curricular/keyan/code/XiangShan-fv/rocket-chip/src/main/scala/diplomacy/BundleBridge.scala", "Scala", 0, 0, 0, 0, 0, 174, 0, 0, 0, 0, 0, 0, 0, 0, 1, 31, 206
"/home/stormy/curricular/keyan/code/XiangShan-fv/rocket-chip/src/main/scala/diplomacy/ClockDomain.scala", "Scala", 0, 0, 0, 0, 0, 28, 0, 0, 0, 0, 0, 0, 0, 0, 3, 9, 40
"/home/stormy/curricular/keyan/code/XiangShan-fv/rocket-chip/src/main/scala/diplomacy/Clone.scala", "Scala", 0, 0, 0, 0, 0, 13, 0, 0, 0, 0, 0, 0, 0, 0, 3, 6, 22
"/home/stormy/curricular/keyan/code/XiangShan-fv/rocket-chip/src/main/scala/diplomacy/CloneModule.scala", "Scala", 0, 0, 0, 0, 0, 44, 0, 0, 0, 0, 0, 0, 0, 0, 7, 7, 58
"/home/stormy/curricular/keyan/code/XiangShan-fv/rocket-chip/src/main/scala/diplomacy/DeviceTree.scala", "Scala", 0, 0, 0, 0, 0, 120, 0, 0, 0, 0, 0, 0, 0, 0, 3, 19, 142
"/home/stormy/curricular/keyan/code/XiangShan-fv/rocket-chip/src/main/scala/diplomacy/FixedClockResource.scala", "Scala", 0, 0, 0, 0, 0, 15, 0, 0, 0, 0, 0, 0, 0, 0, 1, 4, 20
"/home/stormy/curricular/keyan/code/XiangShan-fv/rocket-chip/src/main/scala/diplomacy/JSON.scala", "Scala", 0, 0, 0, 0, 0, 40, 0, 0, 0, 0, 0, 0, 0, 0, 1, 6, 47
"/home/stormy/curricular/keyan/code/XiangShan-fv/rocket-chip/src/main/scala/diplomacy/LazyModule.scala", "Scala", 0, 0, 0, 0, 0, 266, 0, 0, 0, 0, 0, 0, 0, 0, 220, 58, 544
"/home/stormy/curricular/keyan/code/XiangShan-fv/rocket-chip/src/main/scala/diplomacy/Nodes.scala", "Scala", 0, 0, 0, 0, 0, 759, 0, 0, 0, 0, 0, 0, 0, 0, 845, 172, 1776
"/home/stormy/curricular/keyan/code/XiangShan-fv/rocket-chip/src/main/scala/diplomacy/Parameters.scala", "Scala", 0, 0, 0, 0, 0, 251, 0, 0, 0, 0, 0, 0, 0, 0, 26, 52, 329
"/home/stormy/curricular/keyan/code/XiangShan-fv/rocket-chip/src/main/scala/diplomacy/Resources.scala", "Scala", 0, 0, 0, 0, 0, 331, 0, 0, 0, 0, 0, 0, 0, 0, 63, 64, 458
"/home/stormy/curricular/keyan/code/XiangShan-fv/rocket-chip/src/main/scala/diplomacy/SRAM.scala", "Scala", 0, 0, 0, 0, 0, 35, 0, 0, 0, 0, 0, 0, 0, 0, 17, 15, 67
"/home/stormy/curricular/keyan/code/XiangShan-fv/rocket-chip/src/main/scala/diplomacy/Unreachable.scala", "Scala", 0, 0, 0, 0, 0, 4, 0, 0, 0, 0, 0, 0, 0, 0, 1, 3, 8
"/home/stormy/curricular/keyan/code/XiangShan-fv/rocket-chip/src/main/scala/diplomacy/ValName.scala", "Scala", 0, 0, 0, 0, 0, 7, 0, 0, 0, 0, 0, 0, 0, 0, 1, 5, 13
"/home/stormy/curricular/keyan/code/XiangShan-fv/rocket-chip/src/main/scala/diplomacy/package.scala", "Scala", 0, 0, 0, 0, 0, 57, 0, 0, 0, 0, 0, 0, 0, 0, 169, 17, 243
"/home/stormy/curricular/keyan/code/XiangShan-fv/rocket-chip/src/main/scala/examples/ExampleDevice.scala", "Scala", 0, 0, 0, 0, 0, 48, 0, 0, 0, 0, 0, 0, 0, 0, 7, 13, 68
"/home/stormy/curricular/keyan/code/XiangShan-fv/rocket-chip/src/main/scala/formal/FormalUtils.scala", "Scala", 0, 0, 0, 0, 0, 210, 0, 0, 0, 0, 0, 0, 0, 0, 9, 29, 248
"/home/stormy/curricular/keyan/code/XiangShan-fv/rocket-chip/src/main/scala/groundtest/Configs.scala", "Scala", 0, 0, 0, 0, 0, 59, 0, 0, 0, 0, 0, 0, 0, 0, 4, 9, 72
"/home/stormy/curricular/keyan/code/XiangShan-fv/rocket-chip/src/main/scala/groundtest/DummyPTW.scala", "Scala", 0, 0, 0, 0, 0, 43, 0, 0, 0, 0, 0, 0, 0, 0, 2, 11, 56
"/home/stormy/curricular/keyan/code/XiangShan-fv/rocket-chip/src/main/scala/groundtest/Generator.scala", "Scala", 0, 0, 0, 0, 0, 4, 0, 0, 0, 0, 0, 0, 0, 0, 1, 4, 9
"/home/stormy/curricular/keyan/code/XiangShan-fv/rocket-chip/src/main/scala/groundtest/GroundTestSubsystem.scala", "Scala", 0, 0, 0, 0, 0, 25, 0, 0, 0, 0, 0, 0, 0, 0, 3, 9, 37
"/home/stormy/curricular/keyan/code/XiangShan-fv/rocket-chip/src/main/scala/groundtest/Package.scala", "Scala", 0, 0, 0, 0, 0, 6, 0, 0, 0, 0, 0, 0, 0, 0, 1, 3, 10
"/home/stormy/curricular/keyan/code/XiangShan-fv/rocket-chip/src/main/scala/groundtest/Status.scala", "Scala", 0, 0, 0, 0, 0, 15, 0, 0, 0, 0, 0, 0, 0, 0, 1, 5, 21
"/home/stormy/curricular/keyan/code/XiangShan-fv/rocket-chip/src/main/scala/groundtest/TestHarness.scala", "Scala", 0, 0, 0, 0, 0, 12, 0, 0, 0, 0, 0, 0, 0, 0, 1, 4, 17
"/home/stormy/curricular/keyan/code/XiangShan-fv/rocket-chip/src/main/scala/groundtest/Tile.scala", "Scala", 0, 0, 0, 0, 0, 44, 0, 0, 0, 0, 0, 0, 0, 0, 2, 11, 57
"/home/stormy/curricular/keyan/code/XiangShan-fv/rocket-chip/src/main/scala/groundtest/TraceGen.scala", "Scala", 0, 0, 0, 0, 0, 327, 0, 0, 0, 0, 0, 0, 0, 0, 205, 103, 635
"/home/stormy/curricular/keyan/code/XiangShan-fv/rocket-chip/src/main/scala/interrupts/BlockDuringReset.scala", "Scala", 0, 0, 0, 0, 0, 20, 0, 0, 0, 0, 0, 0, 0, 0, 2, 5, 27
"/home/stormy/curricular/keyan/code/XiangShan-fv/rocket-chip/src/main/scala/interrupts/Bundles.scala", "Scala", 0, 0, 0, 0, 0, 7, 0, 0, 0, 0, 0, 0, 0, 0, 1, 4, 12
"/home/stormy/curricular/keyan/code/XiangShan-fv/rocket-chip/src/main/scala/interrupts/Crossing.scala", "Scala", 0, 0, 0, 0, 0, 96, 0, 0, 0, 0, 0, 0, 0, 0, 1, 21, 118
"/home/stormy/curricular/keyan/code/XiangShan-fv/rocket-chip/src/main/scala/interrupts/CrossingHelper.scala", "Scala", 0, 0, 0, 0, 0, 73, 0, 0, 0, 0, 0, 0, 0, 0, 1, 9, 83
"/home/stormy/curricular/keyan/code/XiangShan-fv/rocket-chip/src/main/scala/interrupts/Nodes.scala", "Scala", 0, 0, 0, 0, 0, 73, 0, 0, 0, 0, 0, 0, 0, 0, 1, 16, 90
"/home/stormy/curricular/keyan/code/XiangShan-fv/rocket-chip/src/main/scala/interrupts/NullIntSource.scala", "Scala", 0, 0, 0, 0, 0, 17, 0, 0, 0, 0, 0, 0, 0, 0, 2, 6, 25
"/home/stormy/curricular/keyan/code/XiangShan-fv/rocket-chip/src/main/scala/interrupts/Parameters.scala", "Scala", 0, 0, 0, 0, 0, 48, 0, 0, 0, 0, 0, 0, 0, 0, 4, 10, 62
"/home/stormy/curricular/keyan/code/XiangShan-fv/rocket-chip/src/main/scala/interrupts/RegisterRouter.scala", "Scala", 0, 0, 0, 0, 0, 10, 0, 0, 0, 0, 0, 0, 0, 0, 4, 6, 20
"/home/stormy/curricular/keyan/code/XiangShan-fv/rocket-chip/src/main/scala/interrupts/Xbar.scala", "Scala", 0, 0, 0, 0, 0, 27, 0, 0, 0, 0, 0, 0, 0, 0, 1, 6, 34
"/home/stormy/curricular/keyan/code/XiangShan-fv/rocket-chip/src/main/scala/interrupts/package.scala", "Scala", 0, 0, 0, 0, 0, 22, 0, 0, 0, 0, 0, 0, 0, 0, 1, 6, 29
"/home/stormy/curricular/keyan/code/XiangShan-fv/rocket-chip/src/main/scala/jtag/JtagShifter.scala", "Scala", 0, 0, 0, 0, 0, 130, 0, 0, 0, 0, 0, 0, 0, 0, 33, 32, 195
"/home/stormy/curricular/keyan/code/XiangShan-fv/rocket-chip/src/main/scala/jtag/JtagStateMachine.scala", "Scala", 0, 0, 0, 0, 0, 116, 0, 0, 0, 0, 0, 0, 0, 0, 11, 15, 142
"/home/stormy/curricular/keyan/code/XiangShan-fv/rocket-chip/src/main/scala/jtag/JtagTap.scala", "Scala", 0, 0, 0, 0, 0, 149, 0, 0, 0, 0, 0, 0, 0, 0, 65, 48, 262
"/home/stormy/curricular/keyan/code/XiangShan-fv/rocket-chip/src/main/scala/jtag/JtagUtils.scala", "Scala", 0, 0, 0, 0, 0, 17, 0, 0, 0, 0, 0, 0, 0, 0, 6, 6, 29
"/home/stormy/curricular/keyan/code/XiangShan-fv/rocket-chip/src/main/scala/jtag/Utils.scala", "Scala", 0, 0, 0, 0, 0, 39, 0, 0, 0, 0, 0, 0, 0, 0, 8, 10, 57
"/home/stormy/curricular/keyan/code/XiangShan-fv/rocket-chip/src/main/scala/jtag/package.scala", "Scala", 0, 0, 0, 0, 0, 5, 0, 0, 0, 0, 0, 0, 0, 0, 7, 4, 16
"/home/stormy/curricular/keyan/code/XiangShan-fv/rocket-chip/src/main/scala/linting/LintAnnotation.scala", "Scala", 0, 0, 0, 0, 0, 25, 0, 0, 0, 0, 0, 0, 0, 0, 5, 7, 37
"/home/stormy/curricular/keyan/code/XiangShan-fv/rocket-chip/src/main/scala/linting/LintException.scala", "Scala", 0, 0, 0, 0, 0, 47, 0, 0, 0, 0, 0, 0, 0, 0, 2, 9, 58
"/home/stormy/curricular/keyan/code/XiangShan-fv/rocket-chip/src/main/scala/linting/LintReporter.scala", "Scala", 0, 0, 0, 0, 0, 62, 0, 0, 0, 0, 0, 0, 0, 0, 6, 10, 78
"/home/stormy/curricular/keyan/code/XiangShan-fv/rocket-chip/src/main/scala/linting/Linter.scala", "Scala", 0, 0, 0, 0, 0, 16, 0, 0, 0, 0, 0, 0, 0, 0, 10, 7, 33
"/home/stormy/curricular/keyan/code/XiangShan-fv/rocket-chip/src/main/scala/linting/rule/LintAnonymousRegisters.scala", "Scala", 0, 0, 0, 0, 0, 20, 0, 0, 0, 0, 0, 0, 0, 0, 6, 9, 35
"/home/stormy/curricular/keyan/code/XiangShan-fv/rocket-chip/src/main/scala/linting/rule/LintConflictingModuleNames.scala", "Scala", 0, 0, 0, 0, 0, 72, 0, 0, 0, 0, 0, 0, 0, 0, 12, 21, 105
"/home/stormy/curricular/keyan/code/XiangShan-fv/rocket-chip/src/main/scala/linting/rule/LintRule.scala", "Scala", 0, 0, 0, 0, 0, 54, 0, 0, 0, 0, 0, 0, 0, 0, 22, 17, 93
"/home/stormy/curricular/keyan/code/XiangShan-fv/rocket-chip/src/main/scala/linting/rule/LintTruncatingWidths.scala", "Scala", 0, 0, 0, 0, 0, 29, 0, 0, 0, 0, 0, 0, 0, 0, 5, 9, 43
"/home/stormy/curricular/keyan/code/XiangShan-fv/rocket-chip/src/main/scala/linting/rule/package.scala", "Scala", 0, 0, 0, 0, 0, 39, 0, 0, 0, 0, 0, 0, 0, 0, 37, 11, 87
"/home/stormy/curricular/keyan/code/XiangShan-fv/rocket-chip/src/main/scala/package.scala", "Scala", 0, 0, 0, 0, 0, 4, 0, 0, 0, 0, 0, 0, 0, 0, 1, 3, 8
"/home/stormy/curricular/keyan/code/XiangShan-fv/rocket-chip/src/main/scala/prci/BundleBridgeBlockDuringReset.scala", "Scala", 0, 0, 0, 0, 0, 32, 0, 0, 0, 0, 0, 0, 0, 0, 1, 4, 37
"/home/stormy/curricular/keyan/code/XiangShan-fv/rocket-chip/src/main/scala/prci/ClockBundles.scala", "Scala", 0, 0, 0, 0, 0, 14, 0, 0, 0, 0, 0, 0, 0, 0, 1, 5, 20
"/home/stormy/curricular/keyan/code/XiangShan-fv/rocket-chip/src/main/scala/prci/ClockDivider.scala", "Scala", 0, 0, 0, 0, 0, 26, 0, 0, 0, 0, 0, 0, 0, 0, 5, 5, 36
"/home/stormy/curricular/keyan/code/XiangShan-fv/rocket-chip/src/main/scala/prci/ClockDomain.scala", "Scala", 0, 0, 0, 0, 0, 29, 0, 0, 0, 0, 0, 0, 0, 0, 2, 9, 40
"/home/stormy/curricular/keyan/code/XiangShan-fv/rocket-chip/src/main/scala/prci/ClockGroup.scala", "Scala", 0, 0, 0, 0, 0, 91, 0, 0, 0, 0, 0, 0, 0, 0, 1, 22, 114
"/home/stormy/curricular/keyan/code/XiangShan-fv/rocket-chip/src/main/scala/prci/ClockGroupDriver.scala", "Scala", 0, 0, 0, 0, 0, 37, 0, 0, 0, 0, 0, 0, 0, 0, 4, 7, 48
"/home/stormy/curricular/keyan/code/XiangShan-fv/rocket-chip/src/main/scala/prci/ClockNodes.scala", "Scala", 0, 0, 0, 0, 0, 82, 0, 0, 0, 0, 0, 0, 0, 0, 2, 17, 101
"/home/stormy/curricular/keyan/code/XiangShan-fv/rocket-chip/src/main/scala/prci/ClockParameters.scala", "Scala", 0, 0, 0, 0, 0, 60, 0, 0, 0, 0, 0, 0, 0, 0, 6, 14, 80
"/home/stormy/curricular/keyan/code/XiangShan-fv/rocket-chip/src/main/scala/prci/IOHelper.scala", "Scala", 0, 0, 0, 0, 0, 15, 0, 0, 0, 0, 0, 0, 0, 0, 2, 5, 22
"/home/stormy/curricular/keyan/code/XiangShan-fv/rocket-chip/src/main/scala/prci/ResetCrossingType.scala", "Scala", 0, 0, 0, 0, 0, 18, 0, 0, 0, 0, 0, 0, 0, 0, 1, 6, 25
"/home/stormy/curricular/keyan/code/XiangShan-fv/rocket-chip/src/main/scala/prci/ResetStretcher.scala", "Scala", 0, 0, 0, 0, 0, 23, 0, 0, 0, 0, 0, 0, 0, 0, 5, 4, 32
"/home/stormy/curricular/keyan/code/XiangShan-fv/rocket-chip/src/main/scala/prci/ResetSynchronizer.scala", "Scala", 0, 0, 0, 0, 0, 30, 0, 0, 0, 0, 0, 0, 0, 0, 7, 7, 44
"/home/stormy/curricular/keyan/code/XiangShan-fv/rocket-chip/src/main/scala/prci/ResetWrangler.scala", "Scala", 0, 0, 0, 0, 0, 34, 0, 0, 0, 0, 0, 0, 0, 0, 3, 8, 45
"/home/stormy/curricular/keyan/code/XiangShan-fv/rocket-chip/src/main/scala/prci/TestClockSource.scala", "Scala", 0, 0, 0, 0, 0, 75, 0, 0, 0, 0, 0, 0, 0, 0, 3, 11, 89
"/home/stormy/curricular/keyan/code/XiangShan-fv/rocket-chip/src/main/scala/prci/package.scala", "Scala", 0, 0, 0, 0, 0, 12, 0, 0, 0, 0, 0, 0, 0, 0, 1, 4, 17
"/home/stormy/curricular/keyan/code/XiangShan-fv/rocket-chip/src/main/scala/regmapper/Annotation.scala", "Scala", 0, 0, 0, 0, 0, 23, 0, 0, 0, 0, 0, 0, 0, 0, 1, 5, 29
"/home/stormy/curricular/keyan/code/XiangShan-fv/rocket-chip/src/main/scala/regmapper/DescribedReg.scala", "Scala", 0, 0, 0, 0, 0, 40, 0, 0, 0, 0, 0, 0, 0, 0, 1, 5, 46
"/home/stormy/curricular/keyan/code/XiangShan-fv/rocket-chip/src/main/scala/regmapper/RegField.scala", "Scala", 0, 0, 0, 0, 0, 131, 0, 0, 0, 0, 0, 0, 0, 0, 37, 24, 192
"/home/stormy/curricular/keyan/code/XiangShan-fv/rocket-chip/src/main/scala/regmapper/RegFieldDesc.scala", "Scala", 0, 0, 0, 0, 0, 76, 0, 0, 0, 0, 0, 0, 0, 0, 58, 20, 154
"/home/stormy/curricular/keyan/code/XiangShan-fv/rocket-chip/src/main/scala/regmapper/RegMapper.scala", "Scala", 0, 0, 0, 0, 0, 146, 0, 0, 0, 0, 0, 0, 0, 0, 31, 38, 215
"/home/stormy/curricular/keyan/code/XiangShan-fv/rocket-chip/src/main/scala/regmapper/RegisterCrossing.scala", "Scala", 0, 0, 0, 0, 0, 151, 0, 0, 0, 0, 0, 0, 0, 0, 40, 42, 233
"/home/stormy/curricular/keyan/code/XiangShan-fv/rocket-chip/src/main/scala/regmapper/RegisterRouter.scala", "Scala", 0, 0, 0, 0, 0, 37, 0, 0, 0, 0, 0, 0, 0, 0, 7, 8, 52
"/home/stormy/curricular/keyan/code/XiangShan-fv/rocket-chip/src/main/scala/regmapper/Test.scala", "Scala", 0, 0, 0, 0, 0, 216, 0, 0, 0, 0, 0, 0, 0, 0, 3, 34, 253
"/home/stormy/curricular/keyan/code/XiangShan-fv/rocket-chip/src/main/scala/rocket/ALU.scala", "Scala", 0, 0, 0, 0, 0, 79, 0, 0, 0, 0, 0, 0, 0, 0, 6, 14, 99
"/home/stormy/curricular/keyan/code/XiangShan-fv/rocket-chip/src/main/scala/rocket/AMOALU.scala", "Scala", 0, 0, 0, 0, 0, 84, 0, 0, 0, 0, 0, 0, 0, 0, 4, 19, 107
"/home/stormy/curricular/keyan/code/XiangShan-fv/rocket-chip/src/main/scala/rocket/BTB.scala", "Scala", 0, 0, 0, 0, 0, 279, 0, 0, 0, 0, 0, 0, 0, 0, 25, 39, 343
"/home/stormy/curricular/keyan/code/XiangShan-fv/rocket-chip/src/main/scala/rocket/Breakpoint.scala", "Scala", 0, 0, 0, 0, 0, 105, 0, 0, 0, 0, 0, 0, 0, 0, 1, 20, 126
"/home/stormy/curricular/keyan/code/XiangShan-fv/rocket-chip/src/main/scala/rocket/CSR.scala", "Scala", 0, 0, 0, 0, 0, 1409, 0, 0, 0, 0, 0, 0, 0, 0, 21, 139, 1569
"/home/stormy/curricular/keyan/code/XiangShan-fv/rocket-chip/src/main/scala/rocket/Consts.scala", "Scala", 0, 0, 0, 0, 0, 76, 0, 0, 0, 0, 0, 0, 0, 0, 1, 11, 88
"/home/stormy/curricular/keyan/code/XiangShan-fv/rocket-chip/src/main/scala/rocket/CustomInstructions.scala", "Scala", 0, 0, 0, 0, 0, 50, 0, 0, 0, 0, 0, 0, 0, 0, 2, 5, 57
"/home/stormy/curricular/keyan/code/XiangShan-fv/rocket-chip/src/main/scala/rocket/DCache.scala", "Scala", 0, 0, 0, 0, 0, 1040, 0, 0, 0, 0, 0, 0, 0, 0, 54, 91, 1185
"/home/stormy/curricular/keyan/code/XiangShan-fv/rocket-chip/src/main/scala/rocket/Decode.scala", "Scala", 0, 0, 0, 0, 0, 40, 0, 0, 0, 0, 0, 0, 0, 0, 7, 9, 56
"/home/stormy/curricular/keyan/code/XiangShan-fv/rocket-chip/src/main/scala/rocket/Events.scala", "Scala", 0, 0, 0, 0, 0, 69, 0, 0, 0, 0, 0, 0, 0, 0, 3, 16, 88
"/home/stormy/curricular/keyan/code/XiangShan-fv/rocket-chip/src/main/scala/rocket/Frontend.scala", "Scala", 0, 0, 0, 0, 0, 331, 0, 0, 0, 0, 0, 0, 0, 0, 12, 45, 388
"/home/stormy/curricular/keyan/code/XiangShan-fv/rocket-chip/src/main/scala/rocket/HellaCache.scala", "Scala", 0, 0, 0, 0, 0, 268, 0, 0, 0, 0, 0, 0, 0, 0, 9, 56, 333
"/home/stormy/curricular/keyan/code/XiangShan-fv/rocket-chip/src/main/scala/rocket/HellaCacheArbiter.scala", "Scala", 0, 0, 0, 0, 0, 73, 0, 0, 0, 0, 0, 0, 0, 0, 2, 13, 88
"/home/stormy/curricular/keyan/code/XiangShan-fv/rocket-chip/src/main/scala/rocket/IBuf.scala", "Scala", 0, 0, 0, 0, 0, 109, 0, 0, 0, 0, 0, 0, 0, 0, 2, 20, 131
"/home/stormy/curricular/keyan/code/XiangShan-fv/rocket-chip/src/main/scala/rocket/ICache.scala", "Scala", 0, 0, 0, 0, 0, 436, 0, 0, 0, 0, 0, 0, 0, 0, 19, 67, 522
"/home/stormy/curricular/keyan/code/XiangShan-fv/rocket-chip/src/main/scala/rocket/IDecode.scala", "Scala", 0, 0, 0, 0, 0, 402, 0, 0, 0, 0, 0, 0, 0, 0, 10, 47, 459
"/home/stormy/curricular/keyan/code/XiangShan-fv/rocket-chip/src/main/scala/rocket/Instructions.scala", "Scala", 0, 0, 0, 0, 0, 1547, 0, 0, 0, 0, 0, 0, 0, 0, 4, 6, 1557
"/home/stormy/curricular/keyan/code/XiangShan-fv/rocket-chip/src/main/scala/rocket/Instructions32.scala", "Scala", 0, 0, 0, 0, 0, 34, 0, 0, 0, 0, 0, 0, 0, 0, 6, 5, 45
"/home/stormy/curricular/keyan/code/XiangShan-fv/rocket-chip/src/main/scala/rocket/Multiplier.scala", "Scala", 0, 0, 0, 0, 0, 181, 0, 0, 0, 0, 0, 0, 0, 0, 3, 27, 211
"/home/stormy/curricular/keyan/code/XiangShan-fv/rocket-chip/src/main/scala/rocket/NBDcache.scala", "Scala", 0, 0, 0, 0, 0, 815, 0, 0, 0, 0, 0, 0, 0, 0, 45, 156, 1016
"/home/stormy/curricular/keyan/code/XiangShan-fv/rocket-chip/src/main/scala/rocket/PMP.scala", "Scala", 0, 0, 0, 0, 0, 151, 0, 0, 0, 0, 0, 0, 0, 0, 7, 34, 192
"/home/stormy/curricular/keyan/code/XiangShan-fv/rocket-chip/src/main/scala/rocket/PTW.scala", "Scala", 0, 0, 0, 0, 0, 543, 0, 0, 0, 0, 0, 0, 0, 0, 7, 66, 616
"/home/stormy/curricular/keyan/code/XiangShan-fv/rocket-chip/src/main/scala/rocket/RVC.scala", "Scala", 0, 0, 0, 0, 0, 155, 0, 0, 0, 0, 0, 0, 0, 0, 1, 14, 170
"/home/stormy/curricular/keyan/code/XiangShan-fv/rocket-chip/src/main/scala/rocket/RocketCore.scala", "Scala", 0, 0, 0, 0, 0, 967, 0, 0, 0, 0, 0, 0, 0, 0, 30, 104, 1101
"/home/stormy/curricular/keyan/code/XiangShan-fv/rocket-chip/src/main/scala/rocket/ScratchpadSlavePort.scala", "Scala", 0, 0, 0, 0, 0, 96, 0, 0, 0, 0, 0, 0, 0, 0, 8, 18, 122
"/home/stormy/curricular/keyan/code/XiangShan-fv/rocket-chip/src/main/scala/rocket/SimpleHellaCacheIF.scala", "Scala", 0, 0, 0, 0, 0, 79, 0, 0, 0, 0, 0, 0, 0, 0, 32, 26, 137
"/home/stormy/curricular/keyan/code/XiangShan-fv/rocket-chip/src/main/scala/rocket/TLB.scala", "Scala", 0, 0, 0, 0, 0, 460, 0, 0, 0, 0, 0, 0, 0, 0, 13, 48, 521
"/home/stormy/curricular/keyan/code/XiangShan-fv/rocket-chip/src/main/scala/rocket/TLBPermissions.scala", "Scala", 0, 0, 0, 0, 0, 92, 0, 0, 0, 0, 0, 0, 0, 0, 5, 16, 113
"/home/stormy/curricular/keyan/code/XiangShan-fv/rocket-chip/src/main/scala/rocket/package.scala", "Scala", 0, 0, 0, 0, 0, 2, 0, 0, 0, 0, 0, 0, 0, 0, 1, 3, 6
"/home/stormy/curricular/keyan/code/XiangShan-fv/rocket-chip/src/main/scala/scie/SCIE.scala", "Scala", 0, 0, 0, 0, 0, 157, 0, 0, 0, 0, 0, 0, 0, 0, 37, 13, 207
"/home/stormy/curricular/keyan/code/XiangShan-fv/rocket-chip/src/main/scala/stage/RocketChipAnnotations.scala", "Scala", 0, 0, 0, 0, 0, 38, 0, 0, 0, 0, 0, 0, 0, 0, 6, 9, 53
"/home/stormy/curricular/keyan/code/XiangShan-fv/rocket-chip/src/main/scala/stage/RocketChipCli.scala", "Scala", 0, 0, 0, 0, 0, 11, 0, 0, 0, 0, 0, 0, 0, 0, 1, 6, 18
"/home/stormy/curricular/keyan/code/XiangShan-fv/rocket-chip/src/main/scala/stage/RocketChipOptions.scala", "Scala", 0, 0, 0, 0, 0, 32, 0, 0, 0, 0, 0, 0, 0, 0, 1, 9, 42
"/home/stormy/curricular/keyan/code/XiangShan-fv/rocket-chip/src/main/scala/stage/package.scala", "Scala", 0, 0, 0, 0, 0, 16, 0, 0, 0, 0, 0, 0, 0, 0, 1, 8, 25
"/home/stormy/curricular/keyan/code/XiangShan-fv/rocket-chip/src/main/scala/stage/phases/AddDefaultTests.scala", "Scala", 0, 0, 0, 0, 0, 116, 0, 0, 0, 0, 0, 0, 0, 0, 7, 17, 140
"/home/stormy/curricular/keyan/code/XiangShan-fv/rocket-chip/src/main/scala/stage/phases/Checks.scala", "Scala", 0, 0, 0, 0, 0, 33, 0, 0, 0, 0, 0, 0, 0, 0, 2, 13, 48
"/home/stormy/curricular/keyan/code/XiangShan-fv/rocket-chip/src/main/scala/stage/phases/GenerateArtefacts.scala", "Scala", 0, 0, 0, 0, 0, 16, 0, 0, 0, 0, 0, 0, 0, 0, 2, 9, 27
"/home/stormy/curricular/keyan/code/XiangShan-fv/rocket-chip/src/main/scala/stage/phases/GenerateFirrtlAnnos.scala", "Scala", 0, 0, 0, 0, 0, 24, 0, 0, 0, 0, 0, 0, 0, 0, 4, 10, 38
"/home/stormy/curricular/keyan/code/XiangShan-fv/rocket-chip/src/main/scala/stage/phases/GenerateROMs.scala", "Scala", 0, 0, 0, 0, 0, 22, 0, 0, 0, 0, 0, 0, 0, 0, 2, 8, 32
"/home/stormy/curricular/keyan/code/XiangShan-fv/rocket-chip/src/main/scala/stage/phases/GenerateTestSuiteMakefrags.scala", "Scala", 0, 0, 0, 0, 0, 23, 0, 0, 0, 0, 0, 0, 0, 0, 2, 8, 33
"/home/stormy/curricular/keyan/code/XiangShan-fv/rocket-chip/src/main/scala/stage/phases/PreElaboration.scala", "Scala", 0, 0, 0, 0, 0, 31, 0, 0, 0, 0, 0, 0, 0, 0, 2, 12, 45
"/home/stormy/curricular/keyan/code/XiangShan-fv/rocket-chip/src/main/scala/stage/phases/TransformAnnotations.scala", "Scala", 0, 0, 0, 0, 0, 14, 0, 0, 0, 0, 0, 0, 0, 0, 3, 6, 23
"/home/stormy/curricular/keyan/code/XiangShan-fv/rocket-chip/src/main/scala/subsystem/Attachable.scala", "Scala", 0, 0, 0, 0, 0, 28, 0, 0, 0, 0, 0, 0, 0, 0, 18, 10, 56
"/home/stormy/curricular/keyan/code/XiangShan-fv/rocket-chip/src/main/scala/subsystem/BankedL2Params.scala", "Scala", 0, 0, 0, 0, 0, 79, 0, 0, 0, 0, 0, 0, 0, 0, 4, 19, 102
"/home/stormy/curricular/keyan/code/XiangShan-fv/rocket-chip/src/main/scala/subsystem/BaseSubsystem.scala", "Scala", 0, 0, 0, 0, 0, 111, 0, 0, 0, 0, 0, 0, 0, 0, 15, 26, 152
"/home/stormy/curricular/keyan/code/XiangShan-fv/rocket-chip/src/main/scala/subsystem/BusTopology.scala", "Scala", 0, 0, 0, 0, 0, 67, 0, 0, 0, 0, 0, 0, 0, 0, 27, 15, 109
"/home/stormy/curricular/keyan/code/XiangShan-fv/rocket-chip/src/main/scala/subsystem/Configs.scala", "Scala", 0, 0, 0, 0, 0, 417, 0, 0, 0, 0, 0, 0, 0, 0, 35, 61, 513
"/home/stormy/curricular/keyan/code/XiangShan-fv/rocket-chip/src/main/scala/subsystem/CrossingWrapper.scala", "Scala", 0, 0, 0, 0, 0, 64, 0, 0, 0, 0, 0, 0, 0, 0, 12, 18, 94
"/home/stormy/curricular/keyan/code/XiangShan-fv/rocket-chip/src/main/scala/subsystem/FrontBus.scala", "Scala", 0, 0, 0, 0, 0, 29, 0, 0, 0, 0, 0, 0, 0, 0, 1, 5, 35
"/home/stormy/curricular/keyan/code/XiangShan-fv/rocket-chip/src/main/scala/subsystem/HasTiles.scala", "Scala", 0, 0, 0, 0, 0, 266, 0, 0, 0, 0, 0, 0, 0, 0, 119, 49, 434
"/home/stormy/curricular/keyan/code/XiangShan-fv/rocket-chip/src/main/scala/subsystem/InterruptBus.scala", "Scala", 0, 0, 0, 0, 0, 49, 0, 0, 0, 0, 0, 0, 0, 0, 17, 13, 79
"/home/stormy/curricular/keyan/code/XiangShan-fv/rocket-chip/src/main/scala/subsystem/MemoryBus.scala", "Scala", 0, 0, 0, 0, 0, 41, 0, 0, 0, 0, 0, 0, 0, 0, 3, 8, 52
"/home/stormy/curricular/keyan/code/XiangShan-fv/rocket-chip/src/main/scala/subsystem/PeripheryBus.scala", "Scala", 0, 0, 0, 0, 0, 57, 0, 0, 0, 0, 0, 0, 0, 0, 1, 9, 67
"/home/stormy/curricular/keyan/code/XiangShan-fv/rocket-chip/src/main/scala/subsystem/Ports.scala", "Scala", 0, 0, 0, 0, 0, 150, 0, 0, 0, 0, 0, 0, 0, 0, 11, 27, 188
"/home/stormy/curricular/keyan/code/XiangShan-fv/rocket-chip/src/main/scala/subsystem/RTC.scala", "Scala", 0, 0, 0, 0, 0, 19, 0, 0, 0, 0, 0, 0, 0, 0, 4, 6, 29
"/home/stormy/curricular/keyan/code/XiangShan-fv/rocket-chip/src/main/scala/subsystem/RocketSubsystem.scala", "Scala", 0, 0, 0, 0, 0, 31, 0, 0, 0, 0, 0, 0, 0, 0, 1, 10, 42
"/home/stormy/curricular/keyan/code/XiangShan-fv/rocket-chip/src/main/scala/subsystem/SystemBus.scala", "Scala", 0, 0, 0, 0, 0, 39, 0, 0, 0, 0, 0, 0, 0, 0, 1, 7, 47
"/home/stormy/curricular/keyan/code/XiangShan-fv/rocket-chip/src/main/scala/system/Configs.scala", "Scala", 0, 0, 0, 0, 0, 68, 0, 0, 0, 0, 0, 0, 0, 0, 2, 17, 87
"/home/stormy/curricular/keyan/code/XiangShan-fv/rocket-chip/src/main/scala/system/ExampleRocketSystem.scala", "Scala", 0, 0, 0, 0, 0, 19, 0, 0, 0, 0, 0, 0, 0, 0, 4, 6, 29
"/home/stormy/curricular/keyan/code/XiangShan-fv/rocket-chip/src/main/scala/system/RocketChipStageGenerator.scala", "Scala", 0, 0, 0, 0, 0, 35, 0, 0, 0, 0, 0, 0, 0, 0, 2, 12, 49
"/home/stormy/curricular/keyan/code/XiangShan-fv/rocket-chip/src/main/scala/system/RocketTestSuite.scala", "Scala", 0, 0, 0, 0, 0, 139, 0, 0, 0, 0, 0, 0, 0, 0, 2, 43, 184
"/home/stormy/curricular/keyan/code/XiangShan-fv/rocket-chip/src/main/scala/system/SimAXIMem.scala", "Scala", 0, 0, 0, 0, 0, 38, 0, 0, 0, 0, 0, 0, 0, 0, 9, 6, 53
"/home/stormy/curricular/keyan/code/XiangShan-fv/rocket-chip/src/main/scala/system/TestHarness.scala", "Scala", 0, 0, 0, 0, 0, 20, 0, 0, 0, 0, 0, 0, 0, 0, 2, 7, 29
"/home/stormy/curricular/keyan/code/XiangShan-fv/rocket-chip/src/main/scala/tile/BaseTile.scala", "Scala", 0, 0, 0, 0, 0, 238, 0, 0, 0, 0, 0, 0, 0, 0, 80, 51, 369
"/home/stormy/curricular/keyan/code/XiangShan-fv/rocket-chip/src/main/scala/tile/BusErrorUnit.scala", "Scala", 0, 0, 0, 0, 0, 110, 0, 0, 0, 0, 0, 0, 0, 0, 2, 22, 134
"/home/stormy/curricular/keyan/code/XiangShan-fv/rocket-chip/src/main/scala/tile/Core.scala", "Scala", 0, 0, 0, 0, 0, 130, 0, 0, 0, 0, 0, 0, 0, 0, 4, 24, 158
"/home/stormy/curricular/keyan/code/XiangShan-fv/rocket-chip/src/main/scala/tile/CustomCSRs.scala", "Scala", 0, 0, 0, 0, 0, 33, 0, 0, 0, 0, 0, 0, 0, 0, 4, 14, 51
"/home/stormy/curricular/keyan/code/XiangShan-fv/rocket-chip/src/main/scala/tile/FPU.scala", "Scala", 0, 0, 0, 0, 0, 865, 0, 0, 0, 0, 0, 0, 0, 0, 31, 127, 1023
"/home/stormy/curricular/keyan/code/XiangShan-fv/rocket-chip/src/main/scala/tile/Interrupts.scala", "Scala", 0, 0, 0, 0, 0, 94, 0, 0, 0, 0, 0, 0, 0, 0, 12, 23, 129
"/home/stormy/curricular/keyan/code/XiangShan-fv/rocket-chip/src/main/scala/tile/L1Cache.scala", "Scala", 0, 0, 0, 0, 0, 36, 0, 0, 0, 0, 0, 0, 0, 0, 1, 10, 47
"/home/stormy/curricular/keyan/code/XiangShan-fv/rocket-chip/src/main/scala/tile/LazyRoCC.scala", "Scala", 0, 0, 0, 0, 0, 337, 0, 0, 0, 0, 0, 0, 0, 0, 15, 69, 421
"/home/stormy/curricular/keyan/code/XiangShan-fv/rocket-chip/src/main/scala/tile/LookupByHartId.scala", "Scala", 0, 0, 0, 0, 0, 13, 0, 0, 0, 0, 0, 0, 0, 0, 1, 6, 20
"/home/stormy/curricular/keyan/code/XiangShan-fv/rocket-chip/src/main/scala/tile/RocketTile.scala", "Scala", 0, 0, 0, 0, 0, 145, 0, 0, 0, 0, 0, 0, 0, 0, 12, 35, 192
"/home/stormy/curricular/keyan/code/XiangShan-fv/rocket-chip/src/main/scala/tile/TilePRCIDomain.scala", "Scala", 0, 0, 0, 0, 0, 71, 0, 0, 0, 0, 0, 0, 0, 0, 31, 12, 114
"/home/stormy/curricular/keyan/code/XiangShan-fv/rocket-chip/src/main/scala/tilelink/AddressAdjuster.scala", "Scala", 0, 0, 0, 0, 0, 279, 0, 0, 0, 0, 0, 0, 0, 0, 41, 54, 374
"/home/stormy/curricular/keyan/code/XiangShan-fv/rocket-chip/src/main/scala/tilelink/Arbiter.scala", "Scala", 0, 0, 0, 0, 0, 171, 0, 0, 0, 0, 0, 0, 0, 0, 19, 33, 223
"/home/stormy/curricular/keyan/code/XiangShan-fv/rocket-chip/src/main/scala/tilelink/AsyncCrossing.scala", "Scala", 0, 0, 0, 0, 0, 123, 0, 0, 0, 0, 0, 0, 0, 0, 3, 24, 150
"/home/stormy/curricular/keyan/code/XiangShan-fv/rocket-chip/src/main/scala/tilelink/AtomicAutomata.scala", "Scala", 0, 0, 0, 0, 0, 265, 0, 0, 0, 0, 0, 0, 0, 0, 34, 42, 341
"/home/stormy/curricular/keyan/code/XiangShan-fv/rocket-chip/src/main/scala/tilelink/Atomics.scala", "Scala", 0, 0, 0, 0, 0, 48, 0, 0, 0, 0, 0, 0, 0, 0, 5, 10, 63
"/home/stormy/curricular/keyan/code/XiangShan-fv/rocket-chip/src/main/scala/tilelink/BankBinder.scala", "Scala", 0, 0, 0, 0, 0, 63, 0, 0, 0, 0, 0, 0, 0, 0, 2, 11, 76
"/home/stormy/curricular/keyan/code/XiangShan-fv/rocket-chip/src/main/scala/tilelink/BlockDuringReset.scala", "Scala", 0, 0, 0, 0, 0, 35, 0, 0, 0, 0, 0, 0, 0, 0, 2, 5, 42
"/home/stormy/curricular/keyan/code/XiangShan-fv/rocket-chip/src/main/scala/tilelink/Broadcast.scala", "Scala", 0, 0, 0, 0, 0, 412, 0, 0, 0, 0, 0, 0, 0, 0, 36, 74, 522
"/home/stormy/curricular/keyan/code/XiangShan-fv/rocket-chip/src/main/scala/tilelink/Buffer.scala", "Scala", 0, 0, 0, 0, 0, 130, 0, 0, 0, 0, 0, 0, 0, 0, 1, 17, 148
"/home/stormy/curricular/keyan/code/XiangShan-fv/rocket-chip/src/main/scala/tilelink/Bundle_ACancel.scala", "Scala", 0, 0, 0, 0, 0, 51, 0, 0, 0, 0, 0, 0, 0, 0, 5, 9, 65
"/home/stormy/curricular/keyan/code/XiangShan-fv/rocket-chip/src/main/scala/tilelink/Bundles.scala", "Scala", 0, 0, 0, 0, 0, 246, 0, 0, 0, 0, 0, 0, 0, 0, 29, 43, 318
"/home/stormy/curricular/keyan/code/XiangShan-fv/rocket-chip/src/main/scala/tilelink/BusWrapper.scala", "Scala", 0, 0, 0, 0, 0, 359, 0, 0, 0, 0, 0, 0, 0, 0, 28, 53, 440
"/home/stormy/curricular/keyan/code/XiangShan-fv/rocket-chip/src/main/scala/tilelink/CacheCork.scala", "Scala", 0, 0, 0, 0, 0, 128, 0, 0, 0, 0, 0, 0, 0, 0, 30, 27, 185
"/home/stormy/curricular/keyan/code/XiangShan-fv/rocket-chip/src/main/scala/tilelink/Credited.scala", "Scala", 0, 0, 0, 0, 0, 95, 0, 0, 0, 0, 0, 0, 0, 0, 2, 16, 113
"/home/stormy/curricular/keyan/code/XiangShan-fv/rocket-chip/src/main/scala/tilelink/CrossingHelper.scala", "Scala", 0, 0, 0, 0, 0, 70, 0, 0, 0, 0, 0, 0, 0, 0, 1, 9, 80
"/home/stormy/curricular/keyan/code/XiangShan-fv/rocket-chip/src/main/scala/tilelink/Delayer.scala", "Scala", 0, 0, 0, 0, 0, 68, 0, 0, 0, 0, 0, 0, 0, 0, 2, 12, 82
"/home/stormy/curricular/keyan/code/XiangShan-fv/rocket-chip/src/main/scala/tilelink/Edges.scala", "Scala", 0, 0, 0, 0, 0, 687, 0, 0, 0, 0, 0, 0, 0, 0, 36, 76, 799
"/home/stormy/curricular/keyan/code/XiangShan-fv/rocket-chip/src/main/scala/tilelink/ErrorEvaluator.scala", "Scala", 0, 0, 0, 0, 0, 55, 0, 0, 0, 0, 0, 0, 0, 0, 9, 15, 79
"/home/stormy/curricular/keyan/code/XiangShan-fv/rocket-chip/src/main/scala/tilelink/FIFOFixer.scala", "Scala", 0, 0, 0, 0, 0, 109, 0, 0, 0, 0, 0, 0, 0, 0, 14, 25, 148
"/home/stormy/curricular/keyan/code/XiangShan-fv/rocket-chip/src/main/scala/tilelink/Filter.scala", "Scala", 0, 0, 0, 0, 0, 139, 0, 0, 0, 0, 0, 0, 0, 0, 16, 13, 168
"/home/stormy/curricular/keyan/code/XiangShan-fv/rocket-chip/src/main/scala/tilelink/Fragmenter.scala", "Scala", 0, 0, 0, 0, 0, 225, 0, 0, 0, 0, 0, 0, 0, 0, 108, 38, 371
"/home/stormy/curricular/keyan/code/XiangShan-fv/rocket-chip/src/main/scala/tilelink/Fuzzer.scala", "Scala", 0, 0, 0, 0, 0, 212, 0, 0, 0, 0, 0, 0, 0, 0, 19, 41, 272
"/home/stormy/curricular/keyan/code/XiangShan-fv/rocket-chip/src/main/scala/tilelink/HintHandler.scala", "Scala", 0, 0, 0, 0, 0, 125, 0, 0, 0, 0, 0, 0, 0, 0, 15, 28, 168
"/home/stormy/curricular/keyan/code/XiangShan-fv/rocket-chip/src/main/scala/tilelink/Isolation.scala", "Scala", 0, 0, 0, 0, 0, 65, 0, 0, 0, 0, 0, 0, 0, 0, 2, 11, 78
"/home/stormy/curricular/keyan/code/XiangShan-fv/rocket-chip/src/main/scala/tilelink/Jbar.scala", "Scala", 0, 0, 0, 0, 0, 64, 0, 0, 0, 0, 0, 0, 0, 0, 2, 12, 78
"/home/stormy/curricular/keyan/code/XiangShan-fv/rocket-chip/src/main/scala/tilelink/Map.scala", "Scala", 0, 0, 0, 0, 0, 36, 0, 0, 0, 0, 0, 0, 0, 0, 3, 7, 46
"/home/stormy/curricular/keyan/code/XiangShan-fv/rocket-chip/src/main/scala/tilelink/Metadata.scala", "Scala", 0, 0, 0, 0, 0, 118, 0, 0, 0, 0, 0, 0, 0, 0, 27, 21, 166
"/home/stormy/curricular/keyan/code/XiangShan-fv/rocket-chip/src/main/scala/tilelink/Monitor.scala", "Scala", 0, 0, 0, 0, 0, 738, 0, 0, 0, 0, 0, 0, 0, 0, 19, 124, 881
"/home/stormy/curricular/keyan/code/XiangShan-fv/rocket-chip/src/main/scala/tilelink/Nodes.scala", "Scala", 0, 0, 0, 0, 0, 175, 0, 0, 0, 0, 0, 0, 0, 0, 4, 53, 232
"/home/stormy/curricular/keyan/code/XiangShan-fv/rocket-chip/src/main/scala/tilelink/Parameters.scala", "Scala", 0, 0, 0, 0, 0, 1275, 0, 0, 0, 0, 0, 0, 0, 0, 94, 115, 1484
"/home/stormy/curricular/keyan/code/XiangShan-fv/rocket-chip/src/main/scala/tilelink/PatternPusher.scala", "Scala", 0, 0, 0, 0, 0, 73, 0, 0, 0, 0, 0, 0, 0, 0, 3, 19, 95
"/home/stormy/curricular/keyan/code/XiangShan-fv/rocket-chip/src/main/scala/tilelink/ProbePicker.scala", "Scala", 0, 0, 0, 0, 0, 57, 0, 0, 0, 0, 0, 0, 0, 0, 5, 7, 69
"/home/stormy/curricular/keyan/code/XiangShan-fv/rocket-chip/src/main/scala/tilelink/RAMModel.scala", "Scala", 0, 0, 0, 0, 0, 279, 0, 0, 0, 0, 0, 0, 0, 0, 33, 44, 356
"/home/stormy/curricular/keyan/code/XiangShan-fv/rocket-chip/src/main/scala/tilelink/RationalCrossing.scala", "Scala", 0, 0, 0, 0, 0, 159, 0, 0, 0, 0, 0, 0, 0, 0, 10, 34, 203
"/home/stormy/curricular/keyan/code/XiangShan-fv/rocket-chip/src/main/scala/tilelink/RegionReplication.scala", "Scala", 0, 0, 0, 0, 0, 44, 0, 0, 0, 0, 0, 0, 0, 0, 7, 14, 65
"/home/stormy/curricular/keyan/code/XiangShan-fv/rocket-chip/src/main/scala/tilelink/RegisterRouter.scala", "Scala", 0, 0, 0, 0, 0, 157, 0, 0, 0, 0, 0, 0, 0, 0, 24, 31, 212
"/home/stormy/curricular/keyan/code/XiangShan-fv/rocket-chip/src/main/scala/tilelink/RegisterRouterTest.scala", "Scala", 0, 0, 0, 0, 0, 36, 0, 0, 0, 0, 0, 0, 0, 0, 1, 14, 51
"/home/stormy/curricular/keyan/code/XiangShan-fv/rocket-chip/src/main/scala/tilelink/SRAM.scala", "Scala", 0, 0, 0, 0, 0, 279, 0, 0, 0, 0, 0, 0, 0, 0, 56, 42, 377
"/home/stormy/curricular/keyan/code/XiangShan-fv/rocket-chip/src/main/scala/tilelink/SourceShrinker.scala", "Scala", 0, 0, 0, 0, 0, 73, 0, 0, 0, 0, 0, 0, 0, 0, 5, 14, 92
"/home/stormy/curricular/keyan/code/XiangShan-fv/rocket-chip/src/main/scala/tilelink/ToAHB.scala", "Scala", 0, 0, 0, 0, 0, 244, 0, 0, 0, 0, 0, 0, 0, 0, 22, 33, 299
"/home/stormy/curricular/keyan/code/XiangShan-fv/rocket-chip/src/main/scala/tilelink/ToAPB.scala", "Scala", 0, 0, 0, 0, 0, 98, 0, 0, 0, 0, 0, 0, 0, 0, 11, 16, 125
"/home/stormy/curricular/keyan/code/XiangShan-fv/rocket-chip/src/main/scala/tilelink/ToAXI4.scala", "Scala", 0, 0, 0, 0, 0, 226, 0, 0, 0, 0, 0, 0, 0, 0, 30, 39, 295
"/home/stormy/curricular/keyan/code/XiangShan-fv/rocket-chip/src/main/scala/tilelink/WidthWidget.scala", "Scala", 0, 0, 0, 0, 0, 194, 0, 0, 0, 0, 0, 0, 0, 0, 20, 38, 252
"/home/stormy/curricular/keyan/code/XiangShan-fv/rocket-chip/src/main/scala/tilelink/Xbar.scala", "Scala", 0, 0, 0, 0, 0, 406, 0, 0, 0, 0, 0, 0, 0, 0, 17, 59, 482
"/home/stormy/curricular/keyan/code/XiangShan-fv/rocket-chip/src/main/scala/tilelink/package.scala", "Scala", 0, 0, 0, 0, 0, 27, 0, 0, 0, 0, 0, 0, 0, 0, 1, 6, 34
"/home/stormy/curricular/keyan/code/XiangShan-fv/rocket-chip/src/main/scala/transforms/naming/RenameDesiredNames.scala", "Scala", 0, 0, 0, 0, 0, 93, 0, 0, 0, 0, 0, 0, 0, 0, 16, 23, 132
"/home/stormy/curricular/keyan/code/XiangShan-fv/rocket-chip/src/main/scala/unittest/Configs.scala", "Scala", 0, 0, 0, 0, 0, 161, 0, 0, 0, 0, 0, 0, 0, 0, 5, 14, 180
"/home/stormy/curricular/keyan/code/XiangShan-fv/rocket-chip/src/main/scala/unittest/Generator.scala", "Scala", 0, 0, 0, 0, 0, 4, 0, 0, 0, 0, 0, 0, 0, 0, 1, 4, 9
"/home/stormy/curricular/keyan/code/XiangShan-fv/rocket-chip/src/main/scala/unittest/TestGenerator.scala", "Scala", 0, 0, 0, 0, 0, 27, 0, 0, 0, 0, 0, 0, 0, 0, 2, 7, 36
"/home/stormy/curricular/keyan/code/XiangShan-fv/rocket-chip/src/main/scala/unittest/TestHarness.scala", "Scala", 0, 0, 0, 0, 0, 7, 0, 0, 0, 0, 0, 0, 0, 0, 1, 4, 12
"/home/stormy/curricular/keyan/code/XiangShan-fv/rocket-chip/src/main/scala/unittest/UnitTest.scala", "Scala", 0, 0, 0, 0, 0, 40, 0, 0, 0, 0, 0, 0, 0, 0, 1, 16, 57
"/home/stormy/curricular/keyan/code/XiangShan-fv/rocket-chip/src/main/scala/unittest/package.scala", "Scala", 0, 0, 0, 0, 0, 8, 0, 0, 0, 0, 0, 0, 0, 0, 1, 4, 13
"/home/stormy/curricular/keyan/code/XiangShan-fv/rocket-chip/src/main/scala/util/Annotations.scala", "Scala", 0, 0, 0, 0, 0, 222, 0, 0, 0, 0, 0, 0, 0, 0, 27, 54, 303
"/home/stormy/curricular/keyan/code/XiangShan-fv/rocket-chip/src/main/scala/util/Arbiters.scala", "Scala", 0, 0, 0, 0, 0, 108, 0, 0, 0, 0, 0, 0, 0, 0, 9, 29, 146
"/home/stormy/curricular/keyan/code/XiangShan-fv/rocket-chip/src/main/scala/util/AsyncQueue.scala", "Scala", 0, 0, 0, 0, 0, 161, 0, 0, 0, 0, 0, 0, 0, 0, 38, 37, 236
"/home/stormy/curricular/keyan/code/XiangShan-fv/rocket-chip/src/main/scala/util/AsyncResetReg.scala", "Scala", 0, 0, 0, 0, 0, 61, 0, 0, 0, 0, 0, 0, 0, 0, 28, 20, 109
"/home/stormy/curricular/keyan/code/XiangShan-fv/rocket-chip/src/main/scala/util/BlockDuringReset.scala", "Scala", 0, 0, 0, 0, 0, 13, 0, 0, 0, 0, 0, 0, 0, 0, 2, 5, 20
"/home/stormy/curricular/keyan/code/XiangShan-fv/rocket-chip/src/main/scala/util/Blockable.scala", "Scala", 0, 0, 0, 0, 0, 50, 0, 0, 0, 0, 0, 0, 0, 0, 4, 9, 63
"/home/stormy/curricular/keyan/code/XiangShan-fv/rocket-chip/src/main/scala/util/Broadcaster.scala", "Scala", 0, 0, 0, 0, 0, 34, 0, 0, 0, 0, 0, 0, 0, 0, 5, 10, 49
"/home/stormy/curricular/keyan/code/XiangShan-fv/rocket-chip/src/main/scala/util/BundleMap.scala", "Scala", 0, 0, 0, 0, 0, 185, 0, 0, 0, 0, 0, 0, 0, 0, 60, 30, 275
"/home/stormy/curricular/keyan/code/XiangShan-fv/rocket-chip/src/main/scala/util/CRC.scala", "Scala", 0, 0, 0, 0, 0, 21, 0, 0, 0, 0, 0, 0, 0, 0, 10, 6, 37
"/home/stormy/curricular/keyan/code/XiangShan-fv/rocket-chip/src/main/scala/util/ClockDivider.scala", "Scala", 0, 0, 0, 0, 0, 37, 0, 0, 0, 0, 0, 0, 0, 0, 12, 11, 60
"/home/stormy/curricular/keyan/code/XiangShan-fv/rocket-chip/src/main/scala/util/ClockGate.scala", "Scala", 0, 0, 0, 0, 0, 42, 0, 0, 0, 0, 0, 0, 0, 0, 2, 11, 55
"/home/stormy/curricular/keyan/code/XiangShan-fv/rocket-chip/src/main/scala/util/CompileOptions.scala", "Scala", 0, 0, 0, 0, 0, 5, 0, 0, 0, 0, 0, 0, 0, 0, 2, 4, 11
"/home/stormy/curricular/keyan/code/XiangShan-fv/rocket-chip/src/main/scala/util/CoreMonitor.scala", "Scala", 0, 0, 0, 0, 0, 24, 0, 0, 0, 0, 0, 0, 0, 0, 5, 5, 34
"/home/stormy/curricular/keyan/code/XiangShan-fv/rocket-chip/src/main/scala/util/Counters.scala", "Scala", 0, 0, 0, 0, 0, 55, 0, 0, 0, 0, 0, 0, 0, 0, 4, 10, 69
"/home/stormy/curricular/keyan/code/XiangShan-fv/rocket-chip/src/main/scala/util/CreditedIO.scala", "Scala", 0, 0, 0, 0, 0, 95, 0, 0, 0, 0, 0, 0, 0, 0, 35, 22, 152
"/home/stormy/curricular/keyan/code/XiangShan-fv/rocket-chip/src/main/scala/util/Crossing.scala", "Scala", 0, 0, 0, 0, 0, 14, 0, 0, 0, 0, 0, 0, 0, 0, 3, 5, 22
"/home/stormy/curricular/keyan/code/XiangShan-fv/rocket-chip/src/main/scala/util/DescribedSRAM.scala", "Scala", 0, 0, 0, 0, 0, 29, 0, 0, 0, 0, 0, 0, 0, 0, 2, 10, 41
"/home/stormy/curricular/keyan/code/XiangShan-fv/rocket-chip/src/main/scala/util/ECC.scala", "Scala", 0, 0, 0, 0, 0, 206, 0, 0, 0, 0, 0, 0, 0, 0, 34, 43, 283
"/home/stormy/curricular/keyan/code/XiangShan-fv/rocket-chip/src/main/scala/util/ElaborationArtefactAnnotation.scala", "Scala", 0, 0, 0, 0, 0, 114, 0, 0, 0, 0, 0, 0, 0, 0, 21, 21, 156
"/home/stormy/curricular/keyan/code/XiangShan-fv/rocket-chip/src/main/scala/util/Frequency.scala", "Scala", 0, 0, 0, 0, 0, 21, 0, 0, 0, 0, 0, 0, 0, 0, 12, 11, 44
"/home/stormy/curricular/keyan/code/XiangShan-fv/rocket-chip/src/main/scala/util/GeneratorUtils.scala", "Scala", 0, 0, 0, 0, 0, 48, 0, 0, 0, 0, 0, 0, 0, 0, 1, 12, 61
"/home/stormy/curricular/keyan/code/XiangShan-fv/rocket-chip/src/main/scala/util/GenericParameterizedBundle.scala", "Scala", 0, 0, 0, 0, 0, 4, 0, 0, 0, 0, 0, 0, 0, 0, 1, 3, 8
"/home/stormy/curricular/keyan/code/XiangShan-fv/rocket-chip/src/main/scala/util/HellaQueue.scala", "Scala", 0, 0, 0, 0, 0, 41, 0, 0, 0, 0, 0, 0, 0, 0, 3, 15, 59
"/home/stormy/curricular/keyan/code/XiangShan-fv/rocket-chip/src/main/scala/util/HeterogeneousBag.scala", "Scala", 0, 0, 0, 0, 0, 16, 0, 0, 0, 0, 0, 0, 0, 0, 2, 6, 24
"/home/stormy/curricular/keyan/code/XiangShan-fv/rocket-chip/src/main/scala/util/IDPool.scala", "Scala", 0, 0, 0, 0, 0, 38, 0, 0, 0, 0, 0, 0, 0, 0, 6, 12, 56
"/home/stormy/curricular/keyan/code/XiangShan-fv/rocket-chip/src/main/scala/util/IdentityModule.scala", "Scala", 0, 0, 0, 0, 0, 18, 0, 0, 0, 0, 0, 0, 0, 0, 1, 6, 25
"/home/stormy/curricular/keyan/code/XiangShan-fv/rocket-chip/src/main/scala/util/LCG.scala", "Scala", 0, 0, 0, 0, 0, 37, 0, 0, 0, 0, 0, 0, 0, 0, 11, 8, 56
"/home/stormy/curricular/keyan/code/XiangShan-fv/rocket-chip/src/main/scala/util/LanePositionedQueue.scala", "Scala", 0, 0, 0, 0, 0, 435, 0, 0, 0, 0, 0, 0, 0, 0, 53, 87, 575
"/home/stormy/curricular/keyan/code/XiangShan-fv/rocket-chip/src/main/scala/util/LatencyPipe.scala", "Scala", 0, 0, 0, 0, 0, 18, 0, 0, 0, 0, 0, 0, 0, 0, 1, 7, 26
"/home/stormy/curricular/keyan/code/XiangShan-fv/rocket-chip/src/main/scala/util/Location.scala", "Scala", 0, 0, 0, 0, 0, 26, 0, 0, 0, 0, 0, 0, 0, 0, 4, 7, 37
"/home/stormy/curricular/keyan/code/XiangShan-fv/rocket-chip/src/main/scala/util/Misc.scala", "Scala", 0, 0, 0, 0, 0, 190, 0, 0, 0, 0, 0, 0, 0, 0, 7, 27, 224
"/home/stormy/curricular/keyan/code/XiangShan-fv/rocket-chip/src/main/scala/util/MultiLaneQueue.scala", "Scala", 0, 0, 0, 0, 0, 71, 0, 0, 0, 0, 0, 0, 0, 0, 2, 17, 90
"/home/stormy/curricular/keyan/code/XiangShan-fv/rocket-chip/src/main/scala/util/MultiPortQueue.scala", "Scala", 0, 0, 0, 0, 0, 76, 0, 0, 0, 0, 0, 0, 0, 0, 6, 21, 103
"/home/stormy/curricular/keyan/code/XiangShan-fv/rocket-chip/src/main/scala/util/MultiWidthFifo.scala", "Scala", 0, 0, 0, 0, 0, 121, 0, 0, 0, 0, 0, 0, 0, 0, 1, 39, 161
"/home/stormy/curricular/keyan/code/XiangShan-fv/rocket-chip/src/main/scala/util/MuxLiteral.scala", "Scala", 0, 0, 0, 0, 0, 42, 0, 0, 0, 0, 0, 0, 0, 0, 8, 9, 59
"/home/stormy/curricular/keyan/code/XiangShan-fv/rocket-chip/src/main/scala/util/PSDTestMode.scala", "Scala", 0, 0, 0, 0, 0, 16, 0, 0, 0, 0, 0, 0, 0, 0, 2, 6, 24
"/home/stormy/curricular/keyan/code/XiangShan-fv/rocket-chip/src/main/scala/util/PlusArg.scala", "Scala", 0, 0, 0, 0, 0, 77, 0, 0, 0, 0, 0, 0, 0, 0, 39, 25, 141
"/home/stormy/curricular/keyan/code/XiangShan-fv/rocket-chip/src/main/scala/util/PrefixSum.scala", "Scala", 0, 0, 0, 0, 0, 117, 0, 0, 0, 0, 0, 0, 0, 0, 10, 13, 140
"/home/stormy/curricular/keyan/code/XiangShan-fv/rocket-chip/src/main/scala/util/Property.scala", "Scala", 0, 0, 0, 0, 0, 111, 0, 0, 0, 0, 0, 0, 0, 0, 26, 18, 155
"/home/stormy/curricular/keyan/code/XiangShan-fv/rocket-chip/src/main/scala/util/ROMGenerator.scala", "Scala", 0, 0, 0, 0, 0, 28, 0, 0, 0, 0, 0, 0, 0, 0, 1, 7, 36
"/home/stormy/curricular/keyan/code/XiangShan-fv/rocket-chip/src/main/scala/util/RationalCrossing.scala", "Scala", 0, 0, 0, 0, 0, 116, 0, 0, 0, 0, 0, 0, 0, 0, 25, 30, 171
"/home/stormy/curricular/keyan/code/XiangShan-fv/rocket-chip/src/main/scala/util/ReadyValidCancel.scala", "Scala", 0, 0, 0, 0, 0, 105, 0, 0, 0, 0, 0, 0, 0, 0, 39, 24, 168
"/home/stormy/curricular/keyan/code/XiangShan-fv/rocket-chip/src/main/scala/util/RecordMap.scala", "Scala", 0, 0, 0, 0, 0, 21, 0, 0, 0, 0, 0, 0, 0, 0, 2, 12, 35
"/home/stormy/curricular/keyan/code/XiangShan-fv/rocket-chip/src/main/scala/util/ReduceOthers.scala", "Scala", 0, 0, 0, 0, 0, 47, 0, 0, 0, 0, 0, 0, 0, 0, 4, 5, 56
"/home/stormy/curricular/keyan/code/XiangShan-fv/rocket-chip/src/main/scala/util/ReorderQueue.scala", "Scala", 0, 0, 0, 0, 0, 58, 0, 0, 0, 0, 0, 0, 0, 0, 2, 22, 82
"/home/stormy/curricular/keyan/code/XiangShan-fv/rocket-chip/src/main/scala/util/Repeater.scala", "Scala", 0, 0, 0, 0, 0, 29, 0, 0, 0, 0, 0, 0, 0, 0, 4, 8, 41
"/home/stormy/curricular/keyan/code/XiangShan-fv/rocket-chip/src/main/scala/util/Replacement.scala", "Scala", 0, 0, 0, 0, 0, 442, 0, 0, 0, 0, 0, 0, 0, 0, 55, 47, 544
"/home/stormy/curricular/keyan/code/XiangShan-fv/rocket-chip/src/main/scala/util/ResetCatchAndSync.scala", "Scala", 0, 0, 0, 0, 0, 32, 0, 0, 0, 0, 0, 0, 0, 0, 8, 15, 55
"/home/stormy/curricular/keyan/code/XiangShan-fv/rocket-chip/src/main/scala/util/ScatterGather.scala", "Scala", 0, 0, 0, 0, 0, 94, 0, 0, 0, 0, 0, 0, 0, 0, 3, 12, 109
"/home/stormy/curricular/keyan/code/XiangShan-fv/rocket-chip/src/main/scala/util/SeededRandom.scala", "Scala", 0, 0, 0, 0, 0, 4, 0, 0, 0, 0, 0, 0, 0, 0, 5, 3, 12
"/home/stormy/curricular/keyan/code/XiangShan-fv/rocket-chip/src/main/scala/util/ShiftQueue.scala", "Scala", 0, 0, 0, 0, 0, 47, 0, 0, 0, 0, 0, 0, 0, 0, 5, 13, 65
"/home/stormy/curricular/keyan/code/XiangShan-fv/rocket-chip/src/main/scala/util/ShiftReg.scala", "Scala", 0, 0, 0, 0, 0, 51, 0, 0, 0, 0, 0, 0, 0, 0, 16, 17, 84
"/home/stormy/curricular/keyan/code/XiangShan-fv/rocket-chip/src/main/scala/util/SimpleProduct.scala", "Scala", 0, 0, 0, 0, 0, 25, 0, 0, 0, 0, 0, 0, 0, 0, 10, 5, 40
"/home/stormy/curricular/keyan/code/XiangShan-fv/rocket-chip/src/main/scala/util/SynchronizerReg.scala", "Scala", 0, 0, 0, 0, 0, 146, 0, 0, 0, 0, 0, 0, 0, 0, 28, 40, 214
"/home/stormy/curricular/keyan/code/XiangShan-fv/rocket-chip/src/main/scala/util/Timer.scala", "Scala", 0, 0, 0, 0, 0, 65, 0, 0, 0, 0, 0, 0, 0, 0, 10, 21, 96
"/home/stormy/curricular/keyan/code/XiangShan-fv/rocket-chip/src/main/scala/util/TraceCoreInterface.scala", "Scala", 0, 0, 0, 0, 0, 39, 0, 0, 0, 0, 0, 0, 0, 0, 3, 8, 50
"/home/stormy/curricular/keyan/code/XiangShan-fv/rocket-chip/src/main/scala/util/package.scala", "Scala", 0, 0, 0, 0, 0, 228, 0, 0, 0, 0, 0, 0, 0, 0, 60, 56, 344
"/home/stormy/curricular/keyan/code/XiangShan-fv/rocket-chip/src/test/scala/generatorTests/StageGeneratorSpec.scala", "Scala", 0, 0, 0, 0, 0, 29, 0, 0, 0, 0, 0, 0, 0, 0, 7, 9, 45
"/home/stormy/curricular/keyan/code/XiangShan-fv/rocket-chip/src/test/scala/linting/rule/LintConflictingModuleNamesSpec.scala", "Scala", 0, 0, 0, 0, 0, 99, 0, 0, 0, 0, 0, 0, 0, 0, 1, 13, 113
"/home/stormy/curricular/keyan/code/XiangShan-fv/rocket-chip/src/test/scala/transforms/naming/RenameDesiredNamesSpec.scala", "Scala", 0, 0, 0, 0, 0, 170, 0, 0, 0, 0, 0, 0, 0, 0, 4, 19, 193
"/home/stormy/curricular/keyan/code/XiangShan-fv/rocket-chip/vsim/Makefile", "Makefile", 0, 0, 0, 0, 0, 0, 0, 0, 0, 19, 0, 0, 0, 0, 8, 8, 35
"/home/stormy/curricular/keyan/code/XiangShan-fv/scalastyle-config.xml", "XML", 0, 0, 0, 0, 0, 0, 0, 0, 110, 0, 0, 0, 0, 0, 0, 1, 111
"/home/stormy/curricular/keyan/code/XiangShan-fv/scalastyle-test-config.xml", "XML", 0, 0, 0, 0, 0, 0, 0, 0, 106, 0, 0, 0, 0, 0, 3, 1, 110
"/home/stormy/curricular/keyan/code/XiangShan-fv/scripts/autorun/README.md", "Markdown", 0, 0, 0, 29, 0, 0, 0, 0, 0, 0, 0, 0, 0, 0, 0, 6, 35
"/home/stormy/curricular/keyan/code/XiangShan-fv/scripts/autorun/common/__init__.py", "Python", 0, 0, 0, 0, 0, 0, 0, 0, 0, 0, 0, 0, 0, 0, 0, 1, 1
"/home/stormy/curricular/keyan/code/XiangShan-fv/scripts/autorun/common/local_config.py", "Python", 5, 0, 0, 0, 0, 0, 0, 0, 0, 0, 0, 0, 0, 0, 18, 6, 29
"/home/stormy/curricular/keyan/code/XiangShan-fv/scripts/autorun/common/simulator_task_goback.py", "Python", 113, 0, 0, 0, 0, 0, 0, 0, 0, 0, 0, 0, 0, 0, 25, 27, 165
"/home/stormy/curricular/keyan/code/XiangShan-fv/scripts/autorun/common/task_tree_go_back.py", "Python", 16, 0, 0, 0, 0, 0, 0, 0, 0, 0, 0, 0, 0, 0, 17, 5, 38
"/home/stormy/curricular/keyan/code/XiangShan-fv/scripts/autorun/config.py", "Python", 23, 0, 0, 0, 0, 0, 0, 0, 0, 0, 0, 0, 0, 0, 19, 10, 52
"/home/stormy/curricular/keyan/code/XiangShan-fv/scripts/autorun/run.py", "Python", 102, 0, 0, 0, 0, 0, 0, 0, 0, 0, 0, 0, 0, 0, 33, 18, 153
"/home/stormy/curricular/keyan/code/XiangShan-fv/scripts/coverage/coverage.py", "Python", 69, 0, 0, 0, 0, 0, 0, 0, 0, 0, 0, 0, 0, 0, 25, 18, 112
"/home/stormy/curricular/keyan/code/XiangShan-fv/scripts/coverage/statistics.py", "Python", 209, 0, 0, 0, 0, 0, 0, 0, 0, 0, 0, 0, 0, 0, 56, 52, 317
"/home/stormy/curricular/keyan/code/XiangShan-fv/scripts/get_flist_rtl.py", "Python", 22, 0, 0, 0, 0, 0, 0, 0, 0, 0, 0, 0, 0, 0, 1, 6, 29
"/home/stormy/curricular/keyan/code/XiangShan-fv/scripts/parser.py", "Python", 326, 0, 0, 0, 0, 0, 0, 0, 0, 0, 0, 0, 0, 0, 15, 48, 389
"/home/stormy/curricular/keyan/code/XiangShan-fv/scripts/statistics.py", "Python", 65, 0, 0, 0, 0, 0, 0, 0, 0, 0, 0, 0, 0, 0, 15, 16, 96
"/home/stormy/curricular/keyan/code/XiangShan-fv/scripts/utils/convert.sh", "Shell Script", 0, 0, 95, 0, 0, 0, 0, 0, 0, 0, 0, 0, 0, 0, 0, 13, 108
"/home/stormy/curricular/keyan/code/XiangShan-fv/scripts/utils/convert_dir.sh", "Shell Script", 0, 0, 77, 0, 0, 0, 0, 0, 0, 0, 0, 0, 0, 0, 0, 13, 90
"/home/stormy/curricular/keyan/code/XiangShan-fv/scripts/utils/lock-emu.c", "C", 0, 36, 0, 0, 0, 0, 0, 0, 0, 0, 0, 0, 0, 0, 16, 8, 60
"/home/stormy/curricular/keyan/code/XiangShan-fv/scripts/xiangshan.py", "Python", 436, 0, 0, 0, 0, 0, 0, 0, 0, 0, 0, 0, 0, 0, 33, 47, 516
"/home/stormy/curricular/keyan/code/XiangShan-fv/src/main/scala/device/AXI4DummySD.scala", "Scala", 0, 0, 0, 0, 0, 120, 0, 0, 0, 0, 0, 0, 0, 0, 15, 21, 156
"/home/stormy/curricular/keyan/code/XiangShan-fv/src/main/scala/device/AXI4Flash.scala", "Scala", 0, 0, 0, 0, 0, 49, 0, 0, 0, 0, 0, 0, 0, 0, 15, 10, 74
"/home/stormy/curricular/keyan/code/XiangShan-fv/src/main/scala/device/AXI4IntrGenerator.scala", "Scala", 0, 0, 0, 0, 0, 48, 0, 0, 0, 0, 0, 0, 0, 0, 22, 12, 82
"/home/stormy/curricular/keyan/code/XiangShan-fv/src/main/scala/device/AXI4Keyboard.scala", "Scala", 0, 0, 0, 0, 0, 29, 0, 0, 0, 0, 0, 0, 0, 0, 16, 8, 53
"/home/stormy/curricular/keyan/code/XiangShan-fv/src/main/scala/device/AXI4Plic.scala", "Scala", 0, 0, 0, 0, 0, 102, 0, 0, 0, 0, 0, 0, 0, 0, 57, 24, 183
"/home/stormy/curricular/keyan/code/XiangShan-fv/src/main/scala/device/AXI4RAM.scala", "Scala", 0, 0, 0, 0, 0, 83, 0, 0, 0, 0, 0, 0, 0, 0, 15, 19, 117
"/home/stormy/curricular/keyan/code/XiangShan-fv/src/main/scala/device/AXI4SlaveModule.scala", "Scala", 0, 0, 0, 0, 0, 139, 0, 0, 0, 0, 0, 0, 0, 0, 17, 26, 182
"/home/stormy/curricular/keyan/code/XiangShan-fv/src/main/scala/device/AXI4Timer.scala", "Scala", 0, 0, 0, 0, 0, 38, 0, 0, 0, 0, 0, 0, 0, 0, 15, 10, 63
"/home/stormy/curricular/keyan/code/XiangShan-fv/src/main/scala/device/AXI4UART.scala", "Scala", 0, 0, 0, 0, 0, 32, 0, 0, 0, 0, 0, 0, 0, 0, 15, 7, 54
"/home/stormy/curricular/keyan/code/XiangShan-fv/src/main/scala/device/AXI4VGA.scala", "Scala", 0, 0, 0, 0, 0, 147, 0, 0, 0, 0, 0, 0, 0, 0, 78, 35, 260
"/home/stormy/curricular/keyan/code/XiangShan-fv/src/main/scala/device/RocketDebugWrapper.scala", "Scala", 0, 0, 0, 0, 0, 101, 0, 0, 0, 0, 0, 0, 0, 0, 24, 25, 150
"/home/stormy/curricular/keyan/code/XiangShan-fv/src/main/scala/device/TLPMA/TLPMA.scala", "Scala", 0, 0, 0, 0, 0, 49, 0, 0, 0, 0, 0, 0, 0, 0, 1, 9, 59
"/home/stormy/curricular/keyan/code/XiangShan-fv/src/main/scala/device/TLTimer.scala", "Scala", 0, 0, 0, 0, 0, 49, 0, 0, 0, 0, 0, 0, 0, 0, 15, 14, 78
"/home/stormy/curricular/keyan/code/XiangShan-fv/src/main/scala/gpu/GPU.scala", "Scala", 0, 0, 0, 0, 0, 0, 0, 0, 0, 0, 0, 0, 0, 0, 227, 2, 229
"/home/stormy/curricular/keyan/code/XiangShan-fv/src/main/scala/system/SoC.scala", "Scala", 0, 0, 0, 0, 0, 267, 0, 0, 0, 0, 0, 0, 0, 0, 24, 50, 341
"/home/stormy/curricular/keyan/code/XiangShan-fv/src/main/scala/top/ArgParser.scala", "Scala", 0, 0, 0, 0, 0, 75, 0, 0, 0, 0, 0, 0, 0, 0, 17, 6, 98
"/home/stormy/curricular/keyan/code/XiangShan-fv/src/main/scala/top/BusPerfMonitor.scala", "Scala", 0, 0, 0, 0, 0, 82, 0, 0, 0, 0, 0, 0, 0, 0, 0, 10, 92
"/home/stormy/curricular/keyan/code/XiangShan-fv/src/main/scala/top/Configs.scala", "Scala", 0, 0, 0, 0, 0, 411, 0, 0, 0, 0, 0, 0, 0, 0, 23, 17, 451
"/home/stormy/curricular/keyan/code/XiangShan-fv/src/main/scala/top/Top.scala", "Scala", 0, 0, 0, 0, 0, 169, 0, 0, 0, 0, 0, 0, 0, 0, 25, 28, 222
"/home/stormy/curricular/keyan/code/XiangShan-fv/src/main/scala/top/XiangShanStage.scala", "Scala", 0, 0, 0, 0, 0, 37, 0, 0, 0, 0, 0, 0, 0, 0, 16, 6, 59
"/home/stormy/curricular/keyan/code/XiangShan-fv/src/main/scala/utils/BinaryArbiterNode.scala", "Scala", 0, 0, 0, 0, 0, 91, 0, 0, 0, 0, 0, 0, 0, 0, 3, 13, 107
"/home/stormy/curricular/keyan/code/XiangShan-fv/src/main/scala/utils/BitUtils.scala", "Scala", 0, 0, 0, 0, 0, 300, 0, 0, 0, 0, 0, 0, 0, 0, 31, 43, 374
"/home/stormy/curricular/keyan/code/XiangShan-fv/src/main/scala/utils/CircularQueuePtr.scala", "Scala", 0, 0, 0, 0, 0, 76, 0, 0, 0, 0, 0, 0, 0, 0, 17, 21, 114
"/home/stormy/curricular/keyan/code/XiangShan-fv/src/main/scala/utils/DataDontCareNode.scala", "Scala", 0, 0, 0, 0, 0, 36, 0, 0, 0, 0, 0, 0, 0, 0, 15, 9, 60
"/home/stormy/curricular/keyan/code/XiangShan-fv/src/main/scala/utils/DataModuleTemplate.scala", "Scala", 0, 0, 0, 0, 0, 178, 0, 0, 0, 0, 0, 0, 0, 0, 28, 32, 238
"/home/stormy/curricular/keyan/code/XiangShan-fv/src/main/scala/utils/DebugIdentityNode.scala", "Scala", 0, 0, 0, 0, 0, 35, 0, 0, 0, 0, 0, 0, 0, 0, 15, 9, 59
"/home/stormy/curricular/keyan/code/XiangShan-fv/src/main/scala/utils/ECC.scala", "Scala", 0, 0, 0, 0, 0, 157, 0, 0, 0, 0, 0, 0, 0, 0, 41, 33, 231
"/home/stormy/curricular/keyan/code/XiangShan-fv/src/main/scala/utils/ExcitingUtils.scala", "Scala", 0, 0, 0, 0, 0, 84, 0, 0, 0, 0, 0, 0, 0, 0, 15, 17, 116
"/home/stormy/curricular/keyan/code/XiangShan-fv/src/main/scala/utils/ExtractVerilogModules.scala", "Scala", 0, 0, 0, 0, 0, 173, 0, 0, 0, 0, 0, 0, 0, 0, 34, 26, 233
"/home/stormy/curricular/keyan/code/XiangShan-fv/src/main/scala/utils/GTimer.scala", "Scala", 0, 0, 0, 0, 0, 9, 0, 0, 0, 0, 0, 0, 0, 0, 15, 4, 28
"/home/stormy/curricular/keyan/code/XiangShan-fv/src/main/scala/utils/Hold.scala", "Scala", 0, 0, 0, 0, 0, 59, 0, 0, 0, 0, 0, 0, 0, 0, 31, 11, 101
"/home/stormy/curricular/keyan/code/XiangShan-fv/src/main/scala/utils/IntBuffer.scala", "Scala", 0, 0, 0, 0, 0, 20, 0, 0, 0, 0, 0, 0, 0, 0, 0, 7, 27
"/home/stormy/curricular/keyan/code/XiangShan-fv/src/main/scala/utils/LFSR64.scala", "Scala", 0, 0, 0, 0, 0, 14, 0, 0, 0, 0, 0, 0, 0, 0, 15, 4, 33
"/home/stormy/curricular/keyan/code/XiangShan-fv/src/main/scala/utils/LatencyPipe.scala", "Scala", 0, 0, 0, 0, 0, 18, 0, 0, 0, 0, 0, 0, 0, 0, 16, 8, 42
"/home/stormy/curricular/keyan/code/XiangShan-fv/src/main/scala/utils/LogUtils.scala", "Scala", 0, 0, 0, 0, 0, 85, 0, 0, 0, 0, 0, 0, 0, 0, 20, 17, 122
"/home/stormy/curricular/keyan/code/XiangShan-fv/src/main/scala/utils/LookupTree.scala", "Scala", 0, 0, 0, 0, 0, 39, 0, 0, 0, 0, 0, 0, 0, 0, 17, 12, 68
"/home/stormy/curricular/keyan/code/XiangShan-fv/src/main/scala/utils/MIMOQueue.scala", "Scala", 0, 0, 0, 0, 0, 119, 0, 0, 0, 0, 0, 0, 0, 0, 26, 28, 173
"/home/stormy/curricular/keyan/code/XiangShan-fv/src/main/scala/utils/Misc.scala", "Scala", 0, 0, 0, 0, 0, 88, 0, 0, 0, 0, 0, 0, 0, 0, 28, 16, 132
"/home/stormy/curricular/keyan/code/XiangShan-fv/src/main/scala/utils/OverrideableQueue.scala", "Scala", 0, 0, 0, 0, 0, 34, 0, 0, 0, 0, 0, 0, 0, 0, 0, 8, 42
"/home/stormy/curricular/keyan/code/XiangShan-fv/src/main/scala/utils/ParallelMux.scala", "Scala", 0, 0, 0, 0, 0, 110, 0, 0, 0, 0, 0, 0, 0, 0, 16, 20, 146
"/home/stormy/curricular/keyan/code/XiangShan-fv/src/main/scala/utils/PerfCounterUtils.scala", "Scala", 0, 0, 0, 0, 0, 188, 0, 0, 0, 0, 0, 0, 0, 0, 24, 30, 242
"/home/stormy/curricular/keyan/code/XiangShan-fv/src/main/scala/utils/PipelineConnect.scala", "Scala", 0, 0, 0, 0, 0, 154, 0, 0, 0, 0, 0, 0, 0, 0, 21, 22, 197
"/home/stormy/curricular/keyan/code/XiangShan-fv/src/main/scala/utils/PriorityMuxDefault.scala", "Scala", 0, 0, 0, 0, 0, 38, 0, 0, 0, 0, 0, 0, 0, 0, 15, 6, 59
"/home/stormy/curricular/keyan/code/XiangShan-fv/src/main/scala/utils/PriorityMuxGen.scala", "Scala", 0, 0, 0, 0, 0, 98, 0, 0, 0, 0, 0, 0, 0, 0, 39, 8, 145
"/home/stormy/curricular/keyan/code/XiangShan-fv/src/main/scala/utils/RegMap.scala", "Scala", 0, 0, 0, 0, 0, 46, 0, 0, 0, 0, 0, 0, 0, 0, 17, 5, 68
"/home/stormy/curricular/keyan/code/XiangShan-fv/src/main/scala/utils/Replacement.scala", "Scala", 0, 0, 0, 0, 0, 30, 0, 0, 0, 0, 0, 0, 0, 0, 19, 8, 57
"/home/stormy/curricular/keyan/code/XiangShan-fv/src/main/scala/utils/SRAMTemplate.scala", "Scala", 0, 0, 0, 0, 0, 162, 0, 0, 0, 0, 0, 0, 0, 0, 36, 37, 235
"/home/stormy/curricular/keyan/code/XiangShan-fv/src/main/scala/utils/StopWatch.scala", "Scala", 0, 0, 0, 0, 0, 16, 0, 0, 0, 0, 0, 0, 0, 0, 15, 5, 36
"/home/stormy/curricular/keyan/code/XiangShan-fv/src/main/scala/utils/TLClientsMerger.scala", "Scala", 0, 0, 0, 0, 0, 61, 0, 0, 0, 0, 0, 0, 0, 0, 2, 7, 70
"/home/stormy/curricular/keyan/code/XiangShan-fv/src/main/scala/utils/TLDump.scala", "Scala", 0, 0, 0, 0, 0, 427, 0, 0, 0, 0, 0, 0, 0, 0, 15, 40, 482
"/home/stormy/curricular/keyan/code/XiangShan-fv/src/main/scala/utils/TLEdgeBuffer.scala", "Scala", 0, 0, 0, 0, 0, 87, 0, 0, 0, 0, 0, 0, 0, 0, 0, 12, 99
"/home/stormy/curricular/keyan/code/XiangShan-fv/src/main/scala/utils/Trigger.scala", "Scala", 0, 0, 0, 0, 0, 16, 0, 0, 0, 0, 0, 0, 0, 0, 15, 4, 35
"/home/stormy/curricular/keyan/code/XiangShan-fv/src/main/scala/xstransforms/PrintControl.scala", "Scala", 0, 0, 0, 0, 0, 114, 0, 0, 0, 0, 0, 0, 0, 0, 15, 21, 150
"/home/stormy/curricular/keyan/code/XiangShan-fv/src/main/scala/xstransforms/PrintModuleName.scala", "Scala", 0, 0, 0, 0, 0, 22, 0, 0, 0, 0, 0, 0, 0, 0, 16, 11, 49
"/home/stormy/curricular/keyan/code/XiangShan-fv/src/test/scala/formal/formalTest.scala", "Scala", 0, 0, 0, 0, 0, 27, 0, 0, 0, 0, 0, 0, 0, 0, 0, 2, 29
"/home/stormy/curricular/keyan/code/XiangShan-fv/src/test/scala/fu/IntDiv.scala", "Scala", 0, 0, 0, 0, 0, 75, 0, 0, 0, 0, 0, 0, 0, 0, 17, 15, 107
"/home/stormy/curricular/keyan/code/XiangShan-fv/src/test/scala/top/SimMMIO.scala", "Scala", 0, 0, 0, 0, 0, 31, 0, 0, 0, 0, 0, 0, 0, 0, 21, 12, 64
"/home/stormy/curricular/keyan/code/XiangShan-fv/src/test/scala/top/SimTop.scala", "Scala", 0, 0, 0, 0, 0, 80, 0, 0, 0, 0, 0, 0, 0, 0, 17, 17, 114
"/home/stormy/curricular/keyan/code/XiangShan-fv/tools/readmemh/Makefile", "Makefile", 0, 0, 0, 0, 0, 0, 0, 0, 0, 3, 0, 0, 0, 0, 15, 2, 20
"/home/stormy/curricular/keyan/code/XiangShan-fv/tools/readmemh/gen-treadle-readmemh.c", "C", 0, 22, 0, 0, 0, 0, 0, 0, 0, 0, 0, 0, 0, 0, 15, 9, 46
"/home/stormy/curricular/keyan/code/XiangShan-fv/tools/readmemh/groupby-4byte.c", "C", 0, 44, 0, 0, 0, 0, 0, 0, 0, 0, 0, 0, 0, 0, 15, 11, 70
"/home/stormy/curricular/keyan/code/XiangShan-fv/tools/readmemh/split-readmemh.c", "C", 0, 57, 0, 0, 0, 0, 0, 0, 0, 0, 0, 0, 0, 0, 16, 12, 85
"Total", "-", 2112, 159, 318, 2258, 566, 67554, 456, 76, 222, 882, 7, 7852, 25, 162, 13888, 15152, 111689